target,OverallQual,GrLivArea,Neighborhood,x1stFlrSF,TotalBsmtSF,BsmtFinSF1,LotArea,GarageCars,MSSubClass,GarageArea,YearRemodAdd,YearBuilt
138e3,5,816,Mitchel,816,816,816,6600,2,_20,816,2003,1982
369900,8,2028,Timber,2028,1868,1460,11443,3,_20,880,2006,2005
18e4,7,1509,Gilbert,807,783,0,7875,2,_60,393,2003,2003
207500,6,1686,NWAmes,1686,1686,625,10240,2,_20,612,1980,1980
147e3,5,1120,Mitchel,1120,1120,206,8402,0,_20,0,2007,2007
109e3,5,1057,NAmes,1057,1057,731,7922,1,_20,246,2007,1953
173e3,6,1291,ClearCr,1291,1291,1003,2887,2,_120,431,1997,1996
157900,5,1188,Mitchel,1188,1188,593,26142,1,_20,312,1962,1962
19e4,5,1582,ClearCr,1582,1624,812,36500,2,_20,390,1964,1964
174e3,7,1682,NWAmes,1682,1304,0,10400,2,_20,530,1970,1970
232600,8,1489,Somerst,1489,1489,0,11216,2,_20,776,2006,2006
37900,3,968,OldTown,600,600,0,5925,0,_50,0,1950,1910
124e3,5,1750,OldTown,1089,636,0,9e3,1,_70,240,1991,1880
131500,5,1039,Sawyer,1039,1039,841,11625,2,_190,504,1965,1965
155e3,5,1128,NAmes,1128,1120,776,8700,2,_20,525,1963,1963
133700,5,1040,NAmes,1040,1040,369,7560,1,_20,286,1959,1959
139e3,6,1196,NAmes,1196,1196,616,9e3,1,_20,297,1956,1956
166e3,5,1385,NAmes,910,910,507,8520,2,_50,720,1952,1952
163500,5,964,Crawfor,964,876,713,13360,2,_30,432,2006,1921
162e3,5,1287,NAmes,1287,1063,72,9830,2,_20,576,2006,1959
124900,5,1869,OldTown,1188,1088,1088,8820,2,_50,456,1996,1890
19e4,6,1888,NAmes,1888,1517,247,16492,2,_20,578,2002,1966
16e4,6,1251,NAmes,1251,1251,553,8800,1,_20,461,1964,1964
192140,5,1838,Gilbert,734,732,0,21930,2,_60,372,2005,2005
333168,9,2599,NoRidge,1422,1393,0,14774,3,_60,779,1999,1999
153e3,5,1306,NAmes,1306,992,860,8712,1,_20,756,2e3,1957
225e3,7,1733,Gilbert,847,847,0,12394,2,_60,433,2003,2003
80500,4,912,BrkSide,672,0,0,6240,0,_50,0,1950,1947
285e3,8,2872,NoRidge,2129,1683,700,10678,2,_50,541,2e3,1992
13e4,7,1709,Edwards,970,970,0,2522,2,_160,380,2004,2004
167240,7,1248,Blmngtn,1248,1248,16,3010,2,_120,438,2006,2005
2e5,6,1700,CollgCr,1700,1682,340,9135,2,_20,544,2003,2003
105e3,6,1258,Edwards,698,560,204,9060,1,_50,280,1950,1939
192e3,7,1431,CollgCr,1431,1431,560,9017,2,_20,666,1999,1999
14e4,5,936,OldTown,936,936,936,7200,2,_90,672,1980,1980
165e3,6,1350,NWAmes,1350,1064,0,10140,2,_20,478,1974,1974
187500,6,1498,Gilbert,691,691,592,13031,2,_60,409,1996,1995
119e3,5,1367,Edwards,961,861,241,8405,1,_50,384,1950,1900
178740,7,1414,Blmngtn,1414,1375,0,3072,2,_120,398,2004,2004
178900,6,1484,Gilbert,783,783,0,10237,2,_60,393,2007,2005
189e3,8,1228,StoneBr,1228,1228,767,4671,2,_120,472,1989,1988
52500,4,693,OldTown,693,693,0,4118,0,_30,0,1950,1941
119e3,5,1728,NAmes,1728,1728,40,10624,1,_90,352,1964,1964
112e3,6,1310,OldTown,865,617,617,7e3,1,_50,398,1950,1924
87500,3,1040,NAmes,1040,0,0,8544,2,_90,400,1950,1949
260400,7,1720,NoRidge,1720,1720,919,10593,2,_20,527,1996,1996
197e3,7,3082,SWISU,1687,824,523,15863,2,_75,672,1970,1920
255500,8,1717,NridgHt,1717,1709,0,11146,3,_20,908,2006,2006
184900,7,1200,SawyerW,1200,1176,833,10083,2,_20,555,2003,2003
12e4,5,912,NAmes,912,912,111,7535,1,_20,297,1985,1958
139500,6,1489,SWISU,944,778,0,9900,1,_50,240,1950,1940
271900,7,2196,SawyerW,2196,2158,485,14684,3,_20,701,1991,1990
29e4,8,1660,Somerst,1660,1660,1220,10182,2,_20,500,2006,2006
22e4,8,1915,SawyerW,927,908,789,10041,2,_60,506,1992,1992
215e3,6,1656,NAmes,1656,1080,639,31770,2,_20,528,1960,1960
192e3,7,2022,ClearCr,1156,1160,392,10005,2,_60,505,1977,1977
268e3,8,2217,NAmes,2217,2217,351,15865,2,_20,621,1970,1970
236500,8,1788,CollgCr,1788,1753,0,11838,2,_20,522,2001,2001
157e3,7,1601,NWAmes,1601,1271,704,11880,2,_20,478,1978,1978
187e3,6,1710,SawyerW,832,832,426,9291,2,_60,506,1993,1993
231500,6,1764,CollgCr,928,928,821,15426,2,_60,470,1997,1997
23e4,7,1654,CollgCr,1654,1654,986,8125,3,_20,900,2002,2002
163e3,6,1362,NAmes,1362,1362,288,10197,2,_20,504,1961,1961
132e3,5,1432,OldTown,768,264,0,9600,2,_70,360,2002,1910
383970,7,2696,CollgCr,1282,1264,984,9965,3,_60,792,2007,2007
201e3,7,1560,Mitchel,1560,1560,0,9196,2,_20,573,2003,2003
228e3,7,2097,SawyerW,1080,1080,50,11228,3,_60,678,1993,1993
181e3,6,1690,Gilbert,948,924,0,8063,2,_60,463,2e3,2e3
134450,5,1236,NAmes,1236,1070,360,10011,1,_20,447,1996,1957
79500,5,935,BrkSide,779,742,0,9100,1,_40,308,1960,1930
145e3,6,1958,Crawfor,979,979,484,7136,2,_90,492,1950,1946
35e4,9,2224,NridgHt,1462,1462,1170,8834,3,_60,738,2005,2004
372402,8,1710,NridgHt,1710,1710,1400,13891,3,_20,866,2008,2007
197e3,7,1725,NWAmes,1040,539,315,11584,2,_60,550,1979,1979
153900,5,1416,OldTown,876,876,0,12665,3,_50,720,1950,1915
169500,5,1812,NAmes,876,864,540,7590,1,_60,264,1962,1962
14e4,7,1164,NWAmes,1164,1164,0,9600,2,_20,528,1969,1969
215200,7,1547,Somerst,764,756,24,8640,2,_60,614,2009,2009
119e3,4,948,Edwards,948,948,732,8190,1,_20,280,1954,1954
193500,6,2142,NAmes,1182,896,448,13e3,1,_60,509,1968,1968
188e3,5,1728,Mitchel,1728,1728,1606,9297,2,_90,560,1976,1976
8e4,5,1006,Sawyer,1006,1006,288,9e3,0,_20,0,1959,1959
23e4,6,1811,Crawfor,1811,1073,296,14115,2,_20,470,2004,1956
235e3,7,2263,NWAmes,1468,795,795,16659,2,_60,539,1994,1977
132250,4,1040,Mitchel,1040,1064,633,25286,2,_20,648,1963,1963
107900,4,901,OldTown,901,901,0,6e3,1,_20,281,2e3,1954
374e3,9,1792,NridgHt,1792,1792,1567,11846,3,_20,874,2004,2003
134432,4,1588,ClearCr,1120,0,0,17120,2,_50,680,1959,1959
141500,5,1539,BrkSide,1067,927,0,6120,2,_50,576,1950,1936
264561,8,1567,Blmngtn,1567,1520,1154,3982,3,_120,648,2006,2006
26e4,8,2417,NoRidge,1301,1288,0,16059,2,_60,462,1992,1991
24e4,6,2614,NWAmes,1548,1522,956,10800,2,_60,624,1997,1974
250580,7,1372,Somerst,1372,1372,0,8640,2,_20,529,2008,2007
236e3,7,2256,Gilbert,980,952,300,8795,2,_60,554,2e3,2e3
85e3,5,1112,MeadowV,536,536,129,2592,1,_160,336,1976,1976
243e3,6,2158,Edwards,2158,1202,477,12615,2,_20,576,2001,1950
256e3,4,1663,ClearCr,1663,1364,1116,53227,2,_20,529,1994,1954
302e3,8,2810,NoRidge,1453,1453,482,9572,2,_60,750,1990,1990
167e3,7,1277,NAmes,1277,1277,778,10628,2,_20,526,1970,1970
167900,6,1334,NWAmes,1334,1350,686,9650,2,_20,630,1977,1977
412500,9,2668,NridgHt,1572,1572,1016,13688,3,_60,726,2004,2003
299800,8,2715,NWAmes,1175,1142,575,8963,2,_60,831,1996,1976
219210,7,1863,Gilbert,879,879,0,14054,3,_60,660,2006,2006
1e5,4,1123,IDOTRR,772,732,0,6060,1,_50,264,1950,1939
275e3,8,1904,NridgHt,1058,1058,546,10927,2,_60,736,2005,2005
109e3,5,1034,OldTown,735,735,0,10134,1,_50,240,1950,1940
236e3,7,1949,SawyerW,1062,1050,750,9938,2,_60,574,1994,1993
244600,8,1468,Somerst,1468,1468,0,9612,3,_20,898,2009,2008
144e3,6,848,CollgCr,848,848,685,4435,2,_120,420,2004,2003
125e3,6,1125,Edwards,1125,1041,631,7200,1,_80,352,1976,1976
136500,6,1694,SWISU,1390,1181,423,8400,2,_50,576,1950,1925
201e3,8,1466,Timber,1466,1466,16,8925,3,_20,610,2007,2007
214e3,6,1933,Somerst,894,894,0,14598,3,_60,668,2007,2007
125e3,5,912,Sawyer,912,912,842,8521,1,_20,336,1967,1967
277e3,6,2144,ClearCr,1444,1444,697,159e3,2,_50,389,2006,1958
25e4,7,2784,NWAmes,1392,1392,790,16692,2,_60,564,1978,1978
191e3,7,1504,Blmngtn,1504,1346,16,3182,2,_120,437,2006,2005
26e4,7,1734,CollgCr,1734,1734,1300,11645,2,_20,660,2005,2005
163900,7,1482,Gilbert,812,384,0,9125,2,_80,392,1992,1992
31e4,8,2520,NoRidge,1352,1338,1012,14541,3,_60,796,1993,1993
285e3,9,1668,CollgCr,1668,1626,1059,11248,3,_20,702,2002,2002
128e3,6,1362,BrkSide,751,611,0,6155,2,_70,502,1999,1920
8e4,4,924,Edwards,672,672,348,12180,1,_190,280,1950,1941
112e3,5,833,Mitchel,833,833,625,8780,0,_20,0,1985,1985
105e3,5,1376,NAmes,968,768,368,9492,1,_50,240,1950,1941
179e3,6,1800,Gilbert,1007,982,0,8123,2,_60,463,2e3,2e3
237500,6,2117,NAmes,2117,1205,865,12925,2,_20,550,1970,1970
127e3,5,1507,NAmes,1507,1075,666,7910,1,_80,404,1960,1960
149500,6,1505,NAmes,1505,1505,1024,12160,2,_20,505,1953,1953
195e3,7,1660,CollgCr,831,831,0,8935,2,_60,493,2002,2002
189e3,7,1804,Gilbert,1028,994,0,7500,2,_60,442,1999,1999
265900,8,1484,Timber,1484,1476,428,9037,2,_20,472,2006,2006
16e4,7,1252,Somerst,624,600,510,2160,2,_160,462,2e3,1999
97500,6,1458,NAmes,912,912,0,17503,1,_50,330,1950,1948
122e3,5,900,Sawyer,900,882,450,9819,1,_20,280,1967,1967
139e3,5,1056,NAmes,1056,1056,846,8176,1,_20,308,1992,1958
148e3,5,914,CollgCr,914,870,298,8846,2,_85,576,1996,1996
106e3,5,2138,OldTown,1075,849,0,8100,2,_75,360,1965,1898
21e4,7,1908,CollgCr,933,915,642,8750,2,_60,493,1995,1994
156e3,6,1026,NAmes,1026,1026,439,7930,2,_20,440,2005,1969
222e3,7,1478,Somerst,1478,1470,578,4403,2,_20,484,2009,2009
108e3,5,672,Sawyer,672,672,0,10200,1,_30,240,1997,1940
216837,7,1836,CollgCr,1836,1860,24,9100,2,_20,484,2005,2004
55e3,4,1092,IDOTRR,372,0,0,5600,0,_190,0,1950,1930
115e3,5,1344,BrkSide,896,896,0,6240,1,_50,240,1950,1936
146800,6,1062,Mitchel,1062,1029,539,11333,2,_80,539,1976,1976
278e3,8,1659,StoneBr,1659,1501,1158,5664,2,_120,499,2e3,2e3
61e3,1,904,Edwards,904,683,350,10020,0,_30,0,1950,1922
141e3,4,864,Gilbert,864,864,120,19138,2,_20,400,1951,1951
152e3,5,1558,IDOTRR,910,910,420,13710,1,_50,282,1950,1950
129e3,4,1120,Sawyer,1120,1040,932,6970,2,_20,544,1961,1961
144e3,5,912,Sawyer,912,912,737,12968,1,_20,352,1962,1962
172500,6,1471,Somerst,742,729,381,3230,2,_160,440,1999,1999
181e3,6,1604,Gilbert,926,926,0,10839,2,_60,470,1998,1997
82e3,4,1152,Edwards,1152,0,0,6040,0,_90,0,1955,1955
67e3,3,864,Edwards,864,864,41,8248,0,_30,0,1950,1914
131e3,6,1218,BrkSide,869,735,375,6e3,2,_50,440,1950,1941
237e3,8,2031,CollgCr,1128,1128,804,9473,2,_60,577,2002,2002
165600,6,1501,Gilbert,697,697,518,7685,2,_60,420,1994,1993
24e4,8,2090,CollgCr,1220,1220,1079,1e4,2,_60,556,1996,1995
159500,7,2554,OldTown,1576,718,0,10800,2,_70,704,1998,1890
106500,5,882,NAmes,882,0,0,8339,1,_20,294,1959,1959
158e3,6,1445,NAmes,1445,1127,564,12095,2,_80,645,1964,1964
235e3,8,1625,Crawfor,1625,1573,1573,4750,2,_120,538,2007,2006
235e3,7,1525,CollgCr,1525,1525,1400,9100,2,_20,541,2e3,2e3
202665,7,1368,NridgHt,1368,1368,0,6792,2,_120,474,2006,2005
87e3,5,803,IDOTRR,803,720,116,5e3,2,_45,360,1950,1941
18e4,7,1668,CollgCr,840,840,0,11317,2,_60,500,2003,2003
28e4,7,1533,ClearCr,1533,1533,655,70761,2,_20,576,1975,1975
67e3,5,1077,IDOTRR,1077,961,0,8967,1,_30,338,1950,1920
87e3,5,840,OldTown,840,672,116,4388,0,_45,0,1950,1930
106500,4,951,IDOTRR,951,951,285,8765,1,_30,327,1950,1936
15e4,5,1053,NAmes,1053,1008,567,8973,2,_20,750,1991,1958
214e3,7,1535,NridgHt,1535,1517,2,10171,2,_20,532,2004,2004
13e4,5,1964,SWISU,1024,940,0,8525,0,_70,0,1950,1911
173e3,6,1640,SawyerW,798,798,0,8366,2,_60,520,2004,2004
128e3,5,1063,NAmes,1063,1056,354,9920,1,_20,280,1954,1954
166e3,6,1392,NAmes,1392,1392,1040,11900,2,_20,458,1957,1957
165e3,5,1383,Sawyer,1383,1383,1064,13284,1,_20,354,1954,1954
125e3,6,1200,OldTown,1200,1200,0,11340,1,_30,312,1950,1923
155e3,7,1826,OldTown,916,910,299,2500,1,_70,164,2005,1915
274e3,8,1518,NridgHt,1518,1518,1218,12677,2,_120,588,2004,2003
200100,7,1802,Crawfor,901,793,352,7588,1,_70,216,1950,1920
248e3,7,1850,NoRidge,979,973,595,29959,2,_60,467,1994,1994
79e3,6,1096,Edwards,572,572,0,9600,0,_50,0,1950,1924
145e3,5,1097,CollgCr,1097,1097,0,10859,2,_20,672,1995,1994
82e3,4,841,SawyerW,841,721,0,8400,1,_20,294,1950,1950
11e4,4,894,Edwards,894,894,552,9450,2,_20,400,1954,1954
118964,5,1535,SawyerW,1535,0,0,7018,2,_90,410,1979,1979
122e3,8,2358,OldTown,938,684,259,5250,0,_70,0,1987,1872
22e4,7,1604,CollgCr,1604,1604,1334,8814,2,_20,660,2006,2006
216e3,7,1674,Somerst,814,814,533,7500,2,_60,663,2e3,2e3
135e3,5,980,Sawyer,980,980,560,7064,2,_20,484,1977,1977
274970,6,2201,Edwards,1575,697,0,19690,2,_80,432,1966,1966
179540,7,1456,Gilbert,728,728,0,9018,2,_60,400,2007,2007
342643,9,2596,NridgHt,1249,1249,0,16259,3,_60,840,2006,2006
336e3,8,2612,NoRidge,1276,1225,854,12203,3,_60,676,1999,1998
159895,7,1266,Blmngtn,1266,1266,0,3182,2,_20,388,2007,2007
214e3,7,1536,CollgCr,1536,1536,810,9135,2,_20,532,2003,2002
185e3,7,1337,CollgCr,1337,1337,699,8450,2,_20,531,2003,2003
113e3,5,988,Mitchel,988,988,0,21750,2,_20,520,1954,1954
14e4,6,1095,NAmes,1095,588,513,10382,1,_190,264,1958,1958
177500,6,1573,Somerst,769,756,378,2117,2,_160,440,2e3,2e3
174e3,7,1555,Blmngtn,1555,1373,0,3684,3,_120,660,2007,2007
107400,3,1605,OldTown,840,840,0,5790,1,_50,379,1950,1915
207e3,6,1848,BrkSide,1053,833,0,13053,2,_50,370,2e3,1923
261500,8,1872,CollgCr,1299,1299,990,11885,2,_60,531,2001,2001
222e3,6,1680,Crawfor,1680,880,808,21695,2,_20,540,2007,1988
131500,6,848,CollgCr,848,848,659,4435,2,_120,420,2003,2003
187500,7,1472,NWAmes,1472,1372,1036,14115,2,_80,588,1980,1980
155e3,6,1052,ClearCr,1052,1010,504,8816,2,_80,440,1971,1971
128e3,6,1484,OldTown,742,742,0,6300,0,_75,0,2001,1914
11e4,5,924,CollgCr,924,924,0,7990,1,_20,280,1975,1975
121e3,6,952,BrkSide,952,952,0,8854,1,_30,192,1950,1916
185e3,7,1221,Somerst,1221,1221,410,7500,2,_20,400,2005,2004
132500,6,1412,BrkSide,825,780,0,6e3,1,_50,280,1950,1939
265979,7,2640,OldTown,1320,1240,0,11700,4,_70,864,2003,1880
188e3,7,1724,CollgCr,880,880,0,8924,2,_60,527,1999,1998
12e4,6,864,NAmes,864,864,414,7332,1,_20,288,1959,1959
1e5,5,968,OldTown,968,968,0,8520,2,_30,480,2006,1923
123e3,5,894,CollgCr,894,894,777,7200,2,_20,600,1972,1972
167e3,5,1486,Edwards,1486,1486,637,9937,2,_20,480,1999,1964
171500,6,1279,Mitchel,1279,1196,641,10125,2,_20,473,1977,1977
202900,8,1908,Timber,993,967,0,14191,2,_60,431,2002,2002
4e4,4,1317,IDOTRR,649,649,0,8500,1,_70,250,1950,1920
138500,5,894,Sawyer,894,894,553,8450,1,_20,336,2009,1965
84e3,4,845,Edwards,845,0,0,11500,1,_20,290,1957,1957
135e3,5,1236,Sawyer,1236,912,465,6993,1,_20,288,1994,1961
168e3,6,1572,Gilbert,806,806,0,10364,2,_60,373,1996,1995
215e3,7,1959,Gilbert,847,847,0,11796,2,_60,434,2005,2004
244e3,7,2223,NAmes,2223,2223,1880,13651,2,_20,516,1973,1973
225e3,7,2243,SawyerW,1122,700,700,13474,3,_60,746,1991,1990
172e3,5,1968,Mitchel,1168,784,562,11075,2,_60,530,1969,1969
25e4,8,2198,NoRidge,1145,1145,655,14260,3,_60,836,2e3,2e3
215e3,7,2093,NWAmes,1236,791,0,20544,2,_60,542,1991,1986
178e3,7,1212,CollgCr,1212,1212,0,9100,2,_20,573,2001,2001
85e3,5,796,Edwards,796,796,0,8777,0,_30,0,1950,1910
157e3,5,1336,Crawfor,1336,1165,841,15750,1,_190,375,1953,1953
185e3,6,1876,NWAmes,943,901,442,9120,2,_60,540,1974,1974
88e3,6,1092,BrDale,525,525,0,1680,1,_160,264,1971,1971
145e3,5,990,CollgCr,990,990,686,9245,2,_20,672,1995,1994
162900,7,1664,NWAmes,832,832,194,10140,2,_60,528,1976,1976
263e3,7,2094,Somerst,912,912,0,9375,2,_60,615,2004,2003
127500,6,1367,BrkSide,959,884,425,6240,1,_50,560,1950,1931
179900,6,1552,NWAmes,811,713,550,11475,2,_60,434,1975,1975
137500,6,1344,Timber,1344,819,111,14375,2,_20,525,1958,1958
266500,7,2340,Crawfor,1188,1152,275,9042,1,_70,252,2006,1941
143e3,6,848,CollgCr,848,848,662,4426,2,_120,420,2004,2004
195e3,6,2030,NWAmes,1118,848,156,12046,2,_60,551,1976,1976
206900,6,2112,NAmes,1092,952,500,11075,2,_60,576,1969,1969
135e3,4,1470,Edwards,997,941,0,8172,1,_50,548,1972,1954
118e3,5,698,Edwards,698,698,0,9405,0,_20,0,2008,1947
159e3,6,1394,NAmes,1394,1394,609,9500,2,_20,514,1963,1963
328900,9,1709,Somerst,1709,1698,1238,5119,2,_120,506,2e3,1999
239799,7,1962,CollgCr,1391,1391,464,8760,3,_60,868,2006,2006
158e3,6,1158,SawyerW,1158,1158,941,13072,2,_20,576,2004,2004
325e3,9,2504,StoneBr,1134,1122,0,11198,3,_60,656,2007,2005
145e3,6,1138,NAmes,1138,588,507,10482,1,_80,264,1958,1958
1e5,4,816,Edwards,816,816,690,8877,1,_20,288,1958,1938
395e3,8,1973,NridgHt,1973,1935,0,14226,3,_20,895,2006,2006
281e3,8,1970,NridgHt,1120,1085,0,11065,3,_60,753,2006,2006
134e3,5,1142,MeadowV,1142,1142,874,4224,2,_120,528,1976,1976
145900,5,2200,Edwards,1272,1272,1084,8777,0,_90,0,2003,1900
318061,9,1869,NridgHt,1869,1869,0,7820,2,_120,617,2007,2007
221500,7,1614,CollgCr,1614,1614,20,11210,3,_20,865,2006,2005
164e3,8,1752,Gilbert,1080,559,427,12134,2,_50,492,2005,1988
139e3,5,952,NAmes,952,952,852,7350,2,_20,840,1951,1951
93e3,4,936,OldTown,936,936,0,6e3,2,_20,576,1953,1953
19e4,7,1923,NoRidge,1061,750,674,10186,2,_60,564,1992,1992
145e3,5,1505,BrkSide,988,883,399,9144,1,_50,240,1982,1940
135e3,6,1004,Mitchel,1004,975,975,10530,2,_90,504,1977,1977
222500,7,2035,Gilbert,884,884,0,9505,2,_60,434,2001,2001
103600,6,1369,Edwards,697,672,551,6629,1,_70,300,1950,1925
84900,4,930,Edwards,930,0,0,11100,1,_20,308,2006,1946
133900,5,768,CollgCr,768,768,660,7200,1,_85,396,2003,1972
115e3,5,1304,MeadowV,616,264,0,2665,1,_160,336,1976,1976
131e3,5,1716,Edwards,1148,768,292,11409,1,_50,281,2008,1949
161e3,8,1666,OldTown,833,588,0,5100,1,_70,228,1996,1925
145e3,4,960,Sawyer,960,648,648,10246,1,_80,364,2001,1965
24e4,6,2358,ClearCr,1307,907,0,45600,2,_50,360,1997,1908
161500,6,1342,NWAmes,1342,1372,251,9790,2,_20,457,1967,1967
132e3,6,972,NAmes,972,972,680,8e3,1,_20,240,2002,1948
179900,6,1416,NWAmes,708,708,404,11700,2,_60,776,1968,1968
109900,5,904,Sawyer,904,876,0,7162,1,_20,408,1966,1966
29e4,7,2520,NoRidge,1214,1203,565,9950,3,_60,721,1995,1995
155e3,6,1348,NAmes,660,660,512,7590,2,_60,453,1966,1966
337e3,8,2365,NoRidge,1268,1252,1163,9430,3,_60,856,1999,1999
123e3,5,900,NAmes,900,864,769,7838,1,_85,288,1967,1967
207500,5,1600,NAmes,1600,1484,1277,16321,1,_20,319,1997,1957
239e3,6,2624,Crawfor,1370,1370,1128,22420,3,_70,864,1950,1918
281213,8,2482,Timber,1133,1094,0,12665,3,_60,642,2006,2005
386250,10,2392,NridgHt,2392,2392,56,13472,3,_20,968,2003,2003
301500,8,1987,NoRidge,1987,1986,1314,14303,2,_20,691,1994,1994
137e3,5,860,Sawyer,860,840,672,8740,2,_85,528,1982,1982
125e3,5,1164,Edwards,1164,1164,1040,10880,1,_190,240,1950,1950
11e4,5,1776,NAmes,1776,1584,0,11475,3,_90,888,1958,1958
112e3,5,1302,BrDale,630,630,0,1680,1,_160,280,1971,1971
255e3,8,1636,Somerst,1636,1623,63,13501,3,_20,865,2006,2006
27e4,8,1629,Timber,1629,1616,1300,14536,3,_20,808,2003,2002
293077,8,1646,Timber,1646,1638,1513,9520,3,_20,800,2008,2007
167900,6,1611,NAmes,798,780,674,9760,2,_60,442,1964,1964
55e3,4,796,IDOTRR,796,796,0,3636,0,_30,0,1950,1922
177500,6,1494,Crawfor,753,771,547,7500,1,_70,213,1950,1942
119500,5,950,NAmes,950,950,412,9758,1,_20,280,1971,1971
123e3,4,872,NAmes,872,858,0,8294,4,_20,480,1971,1971
277500,9,1561,NridgHt,1561,1561,1153,7313,2,_120,556,2005,2005
139e3,5,1339,NAmes,1339,1029,504,7560,1,_20,294,1965,1958
15e4,4,1440,Edwards,1440,1440,1440,7711,0,_90,0,1977,1977
104e3,6,2229,OldTown,929,755,0,5520,0,_75,0,1950,1912
235e3,7,1865,CollgCr,992,992,735,10316,3,_60,839,2e3,2e3
205e3,7,1541,CollgCr,1541,1541,0,13704,3,_20,843,2002,2001
130250,5,938,CollgCr,938,938,280,9200,1,_20,308,1980,1975
106250,4,1294,OldTown,694,0,0,10800,0,_190,0,2e3,1900
277e3,7,2062,SawyerW,1180,1157,1065,14364,2,_60,454,1989,1988
184100,8,1419,Gilbert,779,408,353,7750,2,_80,527,2002,2002
115e3,5,1771,Mitchel,1771,0,0,21750,2,_20,336,2006,1960
17e4,7,1173,NWAmes,1173,1053,885,10625,2,_85,528,1974,1974
378500,9,2018,Timber,2018,2002,0,13214,3,_20,746,2009,2008
147400,7,1223,Somerst,520,600,0,2544,2,_160,480,2005,2005
122500,5,1365,BrDale,765,765,471,1920,2,_160,440,1971,1971
135e3,4,1981,SWISU,1328,1122,622,7804,2,_50,576,1950,1928
158500,6,1152,Crawfor,1152,1092,0,14e3,1,_20,300,2004,1950
163e3,7,1768,OldTown,880,880,390,10800,2,_75,320,1970,1914
385e3,10,2084,NridgHt,2084,2078,1636,14803,3,_20,1220,2008,2007
176e3,7,1266,Somerst,1266,1257,0,7500,2,_20,453,2005,2005
126e3,5,1734,Mitchel,1302,0,0,10125,2,_90,539,1977,1977
35e4,8,2113,NoRidge,2113,2109,1696,10437,3,_20,839,1995,1995
108e3,5,996,Edwards,996,996,290,13907,0,_30,0,1969,1940
245350,8,1694,CollgCr,1694,1694,0,10475,3,_20,776,2008,2008
244e3,7,2110,NAmes,2110,2110,1065,11160,2,_20,522,1968,1968
175900,7,1569,Blmngtn,1569,1386,988,3635,3,_120,660,2007,2007
164e3,6,1216,Mitchel,1216,1216,897,4500,2,_120,402,1998,1998
311500,7,1954,Crawfor,1137,798,341,15660,2,_50,431,2006,1939
206e3,7,1208,CollgCr,1208,1187,686,6762,2,_20,632,2006,2006
230500,8,1936,Gilbert,1454,1406,0,11194,2,_60,504,2e3,2e3
173733,6,1224,Somerst,612,612,294,3e3,2,_160,528,2009,2009
268e3,7,2295,NoRidge,1166,1095,728,13346,2,_60,590,2e3,1992
79900,4,747,BrkSide,747,600,0,5825,2,_30,528,1953,1926
372500,8,2046,StoneBr,2046,2046,0,11844,3,_20,834,2008,2008
155e3,7,1416,Somerst,696,696,604,2572,2,_160,484,1999,1999
83500,4,1092,MeadowV,546,546,334,1974,1,_160,286,1973,1973
44e4,8,1976,NridgHt,1976,1976,1350,14977,3,_20,908,2007,2006
115e3,6,1639,SWISU,1166,1064,0,10480,1,_50,240,1950,1936
122e3,7,1889,OldTown,964,925,0,10120,1,_190,308,1950,1910
89500,6,987,BrDale,483,483,358,1680,1,_160,264,1971,1971
155900,6,848,CollgCr,848,848,662,4435,2,_120,420,2004,2004
160200,7,1145,Blmngtn,1145,1145,16,3182,2,_120,397,2006,2005
143e3,5,1144,NAmes,1144,1144,748,8163,1,_80,796,1959,1959
146500,5,1644,NAmes,888,728,386,9480,1,_70,312,1995,1942
149900,5,1078,NAmes,1078,1078,734,12537,2,_20,500,2008,1971
128950,4,1225,NAmes,1225,950,569,9320,0,_20,0,1959,1959
276e3,8,2574,CollgCr,1482,1482,0,9588,3,_60,868,2007,2007
214900,7,1894,Timber,824,817,624,11316,2,_60,510,2003,2002
216500,6,1960,Gilbert,860,860,625,7851,2,_60,440,2002,2002
195e3,7,1948,CollgCr,847,847,0,12393,2,_60,434,2005,2004
134500,5,1008,NAmes,1008,1008,643,8923,1,_20,240,2006,1953
55993,5,1044,IDOTRR,1044,540,0,8712,2,_20,504,1952,1952
16e4,6,1116,NAmes,1116,1116,0,1e4,2,_20,440,1962,1962
16e4,7,1472,Gilbert,802,384,0,10784,2,_80,402,1992,1991
305e3,8,2262,Timber,1482,1482,871,12244,3,_60,749,2003,2003
212900,7,1552,CollgCr,1552,1552,24,10084,3,_20,782,2006,2005
182900,6,1440,NWAmes,1440,1440,678,12546,2,_20,467,1981,1981
178e3,7,1641,OldTown,832,728,16,9600,2,_70,546,1990,1925
147e3,6,996,SawyerW,996,936,747,9069,2,_85,564,1992,1992
164900,5,1363,NAmes,1363,1008,650,14559,1,_20,288,2e3,1951
203e3,7,1274,CollgCr,1274,1274,925,8814,2,_20,508,2007,2005
180500,7,1442,Gilbert,1442,1424,0,11851,2,_20,500,1990,1990
162900,5,1573,BrkSide,1128,1078,0,6240,2,_50,360,1992,1930
106e3,6,987,BrDale,483,483,321,1869,1,_160,280,1970,1970
14e4,6,848,CollgCr,848,848,685,4435,2,_120,420,2003,2003
124e3,5,1144,NAmes,1144,1144,25,9204,1,_20,336,1963,1963
144e3,7,1690,OldTown,815,815,0,8850,1,_75,225,1950,1916
229456,8,1314,Somerst,1314,1300,936,8640,2,_20,552,2009,2009
176e3,7,1253,Gilbert,1253,1237,0,7875,2,_20,402,1996,1995
19e4,5,2620,Sawyer,1361,1361,498,18890,2,_90,600,1977,1977
102e3,6,986,BrkSide,986,960,0,6180,1,_30,180,1950,1926
177e3,6,1357,Edwards,1357,1019,719,11512,1,_80,312,2006,1959
185750,6,1489,NWAmes,1489,1489,0,9156,2,_20,462,1968,1968
287e3,8,2263,CollgCr,1055,1055,0,9240,2,_60,905,2002,2001
137e3,5,1008,NAmes,1008,1008,486,11425,1,_20,275,1954,1954
137500,7,1709,Edwards,970,970,0,2522,2,_160,380,2004,2004
335e3,7,2519,Timber,1238,1210,965,26178,2,_60,628,1990,1989
161e3,7,1378,OldTown,689,689,141,9600,2,_70,360,2005,1928
13e4,7,1708,Edwards,976,976,0,3363,2,_160,380,2004,2004
124500,5,1041,NAmes,1041,1041,991,9600,1,_20,270,1959,1959
168e3,4,1622,Mitchel,1622,1249,1159,32463,4,_190,1356,1975,1961
218e3,5,1437,Veenker,1437,1437,1157,10768,2,_20,528,2004,1976
29e4,8,2526,NoRidge,1203,1165,740,10120,3,_60,844,1994,1994
213500,8,1338,StoneBr,1338,1338,616,4920,2,_120,582,2001,2001
274725,7,2021,Gilbert,887,868,0,23257,2,_60,422,2006,2006
208300,6,1218,Somerst,1218,1218,27,7862,2,_20,676,2009,2009
91500,6,1218,BrDale,672,672,0,1680,0,_160,0,1971,1971
215e3,6,1602,NWAmes,1602,1602,1246,16635,2,_20,529,2e3,1977
184e3,6,1651,Timber,1651,1606,1398,12416,2,_20,616,1986,1986
88e3,5,1015,BrkSide,1015,768,489,6120,1,_30,450,1950,1925
133900,6,2291,OldTown,1260,1214,1046,7200,2,_190,506,1998,1910
148500,5,1002,NAmes,1002,1002,828,8750,2,_20,902,1970,1970
14e4,6,1482,SWISU,810,672,156,12155,1,_70,400,1950,1925
162e3,6,1204,Mitchel,1204,1204,866,4500,2,_120,412,1998,1998
119500,5,1302,BrDale,630,630,231,1680,1,_160,264,1972,1972
318e3,8,1694,NridgHt,1694,1694,0,12030,3,_20,818,2007,2007
88e3,4,1092,MeadowV,546,546,273,2217,1,_160,286,1970,1970
150900,6,1728,Mitchel,1728,1728,936,12640,2,_90,574,1976,1976
11e4,5,816,IDOTRR,816,816,104,8472,2,_90,516,1963,1963
131400,5,1144,Sawyer,1144,864,594,1e4,1,_20,264,1983,1961
142500,6,1003,Mitchel,1003,1003,819,7937,2,_80,588,1984,1984
16e4,6,1750,Mitchel,983,983,660,12508,1,_50,423,1985,1940
225e3,7,2287,ClearCr,1304,1304,603,15593,2,_50,667,1953,1953
205e3,6,1610,NWAmes,1610,1610,1200,10603,2,_20,480,2001,1977
143e3,6,923,SawyerW,923,923,543,8012,1,_120,264,1980,1980
119200,6,1082,NAmes,1082,1082,336,11664,1,_20,240,1950,1948
164e3,7,1646,Crawfor,918,918,364,7128,1,_75,240,1950,1941
141e3,5,1150,NAmes,1150,1150,179,7945,1,_20,300,1959,1959
316600,8,2132,SawyerW,1496,1496,1441,12327,2,_50,612,2009,1983
25e4,6,2654,NWAmes,1512,1054,619,11029,2,_60,619,1984,1968
151e3,7,1200,Somerst,600,600,0,3182,2,_160,480,2005,2004
141e3,7,1080,SawyerW,1080,1080,680,7500,0,_20,0,2005,2004
133e3,5,1268,NAmes,1036,832,375,12144,1,_40,288,1950,1949
274300,7,2097,CollgCr,1108,1108,975,9750,2,_60,583,1998,1998
132500,5,1148,NAmes,1148,1148,1148,7931,1,_20,672,1959,1959
134900,5,858,Sawyer,858,858,685,7252,2,_85,576,1982,1982
192e3,7,1459,CollgCr,1459,1459,0,8749,2,_20,527,2002,2002
184e3,7,1479,NAmes,725,725,626,7472,2,_60,484,2004,1972
312500,8,1800,Timber,1800,1800,1274,14331,3,_20,765,2002,2002
119e3,6,904,BrkSide,904,884,0,6e3,1,_45,180,2004,1926
141e3,5,1092,NAmes,1092,1092,895,14850,1,_20,299,1957,1957
176432,6,1314,CollgCr,1314,1314,24,9317,2,_20,440,2006,2006
83e3,5,835,Edwards,835,458,108,10625,1,_30,366,1950,1920
126175,3,1163,OldTown,1163,1162,256,5820,1,_20,220,2005,1955
146e3,7,1392,Somerst,703,689,0,3604,2,_160,540,2007,2007
111e3,4,948,Edwards,948,864,492,10215,1,_20,248,1954,1954
257e3,8,1844,SawyerW,1844,1844,976,10994,2,_20,620,2006,2005
113e3,5,1048,BrkSide,1048,993,0,6380,1,_45,280,1950,1922
162e3,7,1320,Gilbert,660,660,0,7750,2,_60,400,2003,2003
215e3,8,1456,Blmngtn,1456,1273,0,3196,2,_120,400,2003,2003
224900,7,1768,CollgCr,884,884,550,8158,2,_60,543,2003,2003
178e3,8,1414,Gilbert,707,707,0,9056,2,_60,403,2004,2004
158900,6,1386,Sawyer,672,672,438,11616,2,_60,440,1978,1978
14e4,5,1558,NAmes,1048,913,580,10930,1,_50,288,1950,1945
194500,7,1232,CollgCr,1232,1232,724,7314,2,_20,632,2007,2007
227e3,8,1665,NWAmes,810,810,643,8400,2,_60,528,2001,2001
127e3,5,1252,BrkSide,936,504,0,7438,2,_50,576,1991,1908
180500,6,1824,BrkSide,1060,764,0,13515,2,_70,520,1950,1919
124900,5,780,CollgCr,780,780,632,7200,1,_20,352,1972,1972
156932,6,1412,Gilbert,616,616,0,8499,2,_60,432,2007,2006
142500,6,1141,SawyerW,1141,1141,0,13072,2,_20,484,2005,2005
107500,5,2372,OldTown,1378,994,0,6600,1,_70,432,1965,1892
122900,5,924,NAmes,672,672,0,8064,2,_50,576,2006,1949
181e3,6,1586,NWAmes,1586,1362,0,17043,2,_20,435,1998,1979
227875,7,1761,Somerst,874,874,0,10207,2,_60,578,2007,2007
86e3,4,605,Edwards,605,528,348,9098,0,_30,0,2002,1920
173e3,6,1167,Gilbert,1167,1158,560,9248,2,_20,400,1992,1992
182e3,7,1428,Somerst,1428,1428,0,11639,2,_20,480,2008,2007
136900,6,1855,Edwards,1216,994,444,9525,1,_50,325,1972,1954
204900,7,1498,CollgCr,1498,1498,0,8990,2,_20,675,2006,2006
129500,4,845,Mitchel,845,845,565,7599,2,_20,360,2006,1982
168500,7,1474,Gilbert,804,384,0,8530,2,_80,400,1996,1995
197500,6,1381,NWAmes,1381,1161,982,9360,2,_20,676,2006,1972
129e3,5,894,Sawyer,894,894,492,8724,2,_20,450,1968,1968
79e3,5,1440,OldTown,889,540,0,5e3,1,_50,352,1950,1900
14e4,6,1796,NAmes,983,780,400,7056,2,_60,483,1963,1963
18e4,7,1430,Gilbert,774,384,250,7750,2,_80,400,2e3,2e3
123e3,5,1319,NAmes,1319,608,428,10634,1,_20,270,1953,1953
129e3,6,913,Sawyer,913,814,187,8400,1,_85,240,1966,1966
204e3,6,1756,Timber,888,872,742,9303,2,_60,422,1997,1996
28e4,8,1924,NoRidge,1086,1086,956,12011,2,_60,592,1998,1998
221e3,7,1494,CollgCr,1494,1494,922,12803,2,_20,530,2002,2002
135e3,5,1134,NAmes,1134,1010,588,7e3,1,_20,254,2002,1960
105e3,5,875,BrkSide,875,715,209,6120,1,_30,180,1993,1931
13e4,5,894,Sawyer,894,894,702,9764,2,_20,450,2003,1967
179200,6,1575,SawyerW,1575,1575,430,8012,2,_120,529,1992,1992
139400,5,1056,NAmes,1056,1056,480,9250,1,_20,260,2005,1954
174e3,6,1481,Gilbert,702,702,0,8125,2,_60,343,1995,1994
154e3,5,1154,NAmes,1154,1154,740,11e3,2,_20,480,1966,1966
145e3,7,1477,SWISU,877,861,0,6292,1,_50,216,1950,1928
113e3,6,1487,Edwards,798,735,94,8741,1,_50,220,1950,1945
118500,4,1029,Sawyer,1029,1029,903,7943,1,_20,261,1961,1961
14e4,6,1595,SWISU,1192,940,388,8400,1,_50,240,2e3,1940
120500,5,778,IDOTRR,778,740,403,6900,1,_30,924,1955,1940
152e3,6,1616,OldTown,1149,1149,370,5400,1,_40,216,2004,1926
179900,5,1265,NAmes,1265,1219,633,9350,2,_80,502,1999,1965
102e3,5,1522,SWISU,1008,1008,0,6e3,0,_50,0,1950,1926
239e3,7,1767,StoneBr,1064,1064,495,5306,2,_160,504,1987,1987
377426,9,1922,StoneBr,1922,1922,1249,14157,3,_20,676,2006,2005
144500,5,1526,Edwards,1526,1216,383,8562,1,_20,364,2002,1957
136500,6,848,CollgCr,848,848,686,4435,2,_120,420,2003,2003
117e3,5,833,OldTown,833,833,415,5400,1,_20,326,2e3,1954
141e3,4,1100,NAmes,1100,1100,419,12493,1,_20,312,1960,1960
253e3,7,1971,Somerst,1113,1113,341,9675,2,_60,689,2005,2005
150750,5,1327,NAmes,1327,1063,405,7388,2,_20,624,2002,1959
16e4,5,1687,Timber,1687,747,353,57200,2,_20,572,1950,1948
116900,7,1111,OldTown,572,572,0,5700,1,_50,288,1950,1926
154e3,6,1556,NWAmes,829,727,298,11700,2,_60,441,1968,1968
143e3,5,1473,ClearCr,1473,1437,1324,25095,1,_20,452,2003,1968
14e4,5,1601,Sawyer,1021,533,0,13825,1,_80,300,1987,1958
144e3,5,2020,SawyerW,2020,0,0,8400,2,_90,630,1977,1977
125e3,5,1728,Sawyer,1728,1728,1332,9100,2,_90,504,1963,1963
144900,5,1086,NAmes,1086,1086,320,10200,2,_20,490,2003,1954
155e3,7,1135,SWISU,575,560,350,7200,2,_70,576,2007,1936
204750,6,1786,CollgCr,905,824,648,9337,2,_60,684,1997,1997
501837,9,2234,StoneBr,2234,2216,1904,17423,3,_20,1166,2009,2008
284e3,7,2046,NridgHt,1006,998,866,10625,3,_60,871,2004,2003
275e3,7,1644,SawyerW,1644,1518,1518,12800,2,_80,569,1989,1989
278e3,8,2524,NWAmes,2524,2524,1104,9600,2,_20,542,1981,1981
14e4,4,1121,Edwards,1121,1121,0,8546,2,_20,440,2004,2003
225e3,5,2008,Edwards,1112,896,603,7800,1,_20,230,2002,1948
12e4,6,1158,BrkSide,950,862,0,6e3,1,_50,208,1950,1929
217e3,6,1494,CollgCr,1494,1479,1200,9236,2,_20,576,1997,1997
259e3,7,1530,Gilbert,1530,1530,1300,14572,3,_20,630,2004,2004
155e3,6,1114,SawyerW,1114,1114,814,13695,2,_20,576,2004,2003
228e3,8,1707,Timber,1707,1686,0,16669,2,_20,511,1981,1981
96500,5,789,Crawfor,789,768,0,10594,1,_45,200,1950,1926
89e3,5,616,BrkSide,616,616,616,6e3,1,_30,205,1950,1921
196500,7,1714,NWAmes,980,980,394,10421,2,_60,496,1988,1988
259500,6,2320,Crawfor,1436,1028,774,7259,1,_70,180,2002,1945
108500,4,960,OldTown,960,960,250,6e3,1,_30,308,1950,1920
213e3,7,1775,SawyerW,1006,740,513,9317,2,_60,425,1993,1993
137450,6,1608,SWISU,1160,976,264,6171,1,_50,216,1990,1925
271e3,7,2127,NoRidge,1223,1223,1e3,10944,2,_60,525,1994,1994
149300,6,848,CollgCr,848,848,697,4426,2,_120,420,2004,2004
23e4,7,1840,CollgCr,944,944,666,12420,2,_60,622,2001,2001
154e3,5,1060,Sawyer,1060,1060,188,8246,1,_20,270,2001,1968
107e3,4,1056,SawyerW,1056,1056,1056,8900,1,_20,384,1966,1966
136e3,5,1792,NAmes,896,896,0,9e3,0,_90,0,1974,1974
126e3,5,1134,Edwards,756,756,312,8160,1,_50,240,1950,1940
266e3,8,1939,Somerst,1095,1095,0,10728,3,_60,1053,2006,2006
143e3,6,1846,NAmes,1168,1040,196,10496,1,_50,315,1950,1949
2e5,7,2090,NWAmes,1107,1107,859,10382,2,_60,484,1973,1973
149900,5,1466,Edwards,1466,1466,176,17755,2,_20,528,1959,1959
169e3,6,2447,SWISU,1699,804,0,9638,1,_50,336,1990,1919
231500,7,1792,CollgCr,963,963,361,12435,2,_60,564,2001,2001
206300,7,1344,Mitchel,1344,1344,1309,7060,4,_90,784,1998,1997
200500,6,1682,CollgCr,804,804,505,8750,2,_60,523,1998,1998
159500,6,1194,NAmes,1194,655,655,8910,2,_20,539,1959,1959
98e3,4,1529,Edwards,1088,0,0,8405,1,_50,240,1950,1945
132e3,5,1268,NAmes,1268,1268,540,7800,1,_20,244,1954,1954
109500,5,1040,NAmes,1040,0,0,7200,2,_20,625,1950,1950
21e4,6,1635,BrkSide,915,1065,300,8737,2,_50,440,1950,1923
79e3,3,774,Edwards,774,544,544,4270,0,_30,0,2006,1931
129900,5,864,NAmes,864,864,521,9100,2,_20,624,1958,1958
112500,5,882,CollgCr,882,882,138,7700,2,_20,461,1972,1972
207500,7,1314,NridgHt,1314,1314,904,5063,2,_120,626,2008,2007
157900,6,1442,NAmes,1442,1442,608,9750,1,_20,301,1958,1958
178e3,6,1868,NWAmes,1140,585,0,12090,2,_80,477,2003,1984
23e4,7,2291,Gilbert,1005,975,0,8738,2,_60,429,1999,1999
127500,5,1355,Edwards,808,644,351,10106,0,_190,0,1999,1940
139400,7,1108,IDOTRR,1108,637,0,7449,1,_45,280,1950,1930
113e3,4,672,Edwards,672,672,344,9340,1,_30,234,1950,1941
205e3,7,2110,SawyerW,1222,948,695,8880,2,_60,463,2002,1994
139e3,5,1652,OldTown,966,686,686,10800,1,_50,416,1950,1915
223500,7,1786,CollgCr,920,920,486,11250,2,_60,608,2002,2001
17e4,7,1920,NWAmes,1222,570,0,10192,2,_80,487,1992,1968
91e3,6,790,SWISU,790,768,384,6292,1,_30,160,1950,1930
112e3,5,1416,Sawyer,1416,816,0,25339,2,_30,576,2007,1918
181500,6,1262,Veenker,1262,1262,978,9600,2,_20,460,1976,1976
95e3,5,1111,Edwards,616,616,236,9084,1,_50,200,1950,1941
81e3,5,1184,Edwards,658,658,0,8410,0,_50,0,1996,1910
103e3,4,1208,IDOTRR,848,780,152,6240,2,_30,539,1950,1925
11e4,5,1284,OldTown,720,720,312,3500,1,_50,240,1950,1947
255e3,8,1989,CollgCr,1091,1065,932,11367,2,_60,586,2002,2002
1e5,5,892,NAmes,892,892,432,7150,1,_20,288,1967,1967
151e3,6,1054,NAmes,1054,1054,602,9750,2,_20,460,1969,1969
183900,7,1452,Somerst,713,691,450,3735,2,_160,506,1999,1999
114504,6,1368,OldTown,684,684,0,3600,1,_70,216,1993,1910
151500,6,958,NAmes,958,958,498,12772,1,_20,301,1998,1960
85400,6,987,BrDale,483,483,387,1680,1,_160,264,1971,1971
124e3,5,1040,CollgCr,1040,1040,616,8430,0,_20,0,1978,1978
257500,6,1839,Crawfor,1839,1477,1186,14442,2,_20,416,2004,1957
87e3,4,1774,OldTown,1095,1095,0,9600,3,_70,779,1950,1900
125e3,5,825,OldTown,825,825,180,8235,2,_20,720,1995,1955
200141,7,1316,CollgCr,1316,1316,0,11175,2,_20,440,2007,2007
171e3,6,1118,Mitchel,1118,1096,522,9880,1,_80,358,1977,1977
157500,6,1478,NAmes,1478,1478,1270,17600,2,_20,498,1960,1960
129e3,6,2380,NAmes,1465,1021,187,18450,2,_60,596,1979,1965
133e3,6,1578,NAmes,958,806,403,9490,1,_50,240,1950,1941
11e4,6,1392,NAmes,1392,1392,0,13560,2,_20,576,1968,1968
76e3,6,784,SawyerW,784,784,0,9e3,2,_45,360,1950,1928
153e3,5,1297,NAmes,1297,1297,1213,8532,2,_20,498,1990,1954
207500,6,1728,Somerst,864,864,503,8791,2,_60,673,2003,2003
138e3,5,1904,NAmes,1136,1208,180,7200,1,_50,240,1982,1950
23e4,8,1795,CollgCr,1795,1777,0,9742,2,_20,534,2002,2002
139950,5,1144,NAmes,1144,1144,572,7875,2,_20,456,1961,1961
165e3,6,1502,Crawfor,900,602,0,10592,1,_70,180,1996,1923
113e3,4,1452,OldTown,736,736,0,4456,0,_190,0,2008,1920
1e5,5,1301,BrkSide,1301,1145,405,6911,2,_30,440,1950,1924
173500,6,1476,CollgCr,738,738,193,8633,2,_60,540,2005,2005
295493,8,1630,CollgCr,1630,1622,0,10226,3,_20,860,2008,2008
149350,5,1228,Sawyer,1228,1228,0,8544,1,_20,271,2006,1966
172500,7,1258,Blmngtn,1258,1258,0,3922,3,_120,648,2007,2006
211e3,6,2060,ClearCr,1164,1151,831,10029,2,_60,521,1989,1988
97e3,4,864,NAmes,864,864,524,10500,2,_20,576,1971,1971
157e3,7,1762,OldTown,998,596,0,7200,2,_70,576,1950,1920
91500,5,1456,Edwards,1002,810,0,7585,1,_50,280,1950,1948
217500,5,1647,Crawfor,1647,1430,1283,12984,2,_20,621,1977,1977
181900,6,1429,NAmes,1429,1144,594,14585,2,_20,572,1987,1960
2e5,6,2267,Gilbert,1010,1010,0,8068,2,_60,390,2002,2002
254e3,8,1324,NridgHt,1324,1324,863,6240,2,_120,550,2006,2006
175e3,5,1768,SWISU,981,731,569,7200,1,_50,240,1950,1937
35311,2,480,IDOTRR,480,480,50,9e3,1,_20,308,1950,1949
141e3,5,1800,NAmes,1800,1800,0,8e3,0,_90,0,1961,1961
239686,7,2149,Mitchel,1518,1434,1351,12822,2,_50,670,2003,2003
88e3,4,858,NAmes,858,858,614,8125,0,_20,0,1971,1971
328e3,7,2260,ClearCr,1306,1306,1201,14e3,2,_60,533,1997,1996
348e3,8,2392,NoRidge,1407,1396,1074,9452,3,_60,870,1998,1997
171e3,6,1564,SawyerW,888,650,0,8400,2,_60,476,1981,1980
130500,5,1200,Edwards,768,768,352,11767,1,_50,240,1995,1946
109500,5,894,NAmes,894,894,0,6600,1,_20,308,1962,1962
36e4,9,1944,NridgHt,1944,1896,1274,12378,3,_20,708,2004,2003
424870,8,2828,CollgCr,1466,1466,1150,9965,3,_60,1052,2007,2006
194500,7,1744,SawyerW,1014,996,402,9453,2,_60,457,2003,1993
180500,6,1425,NAmes,1425,1425,490,10175,2,_20,576,1964,1964
75500,4,630,MeadowV,630,630,150,1491,0,_180,0,1972,1972
91e3,4,988,MeadowV,526,462,462,1596,1,_180,297,1973,1973
24e4,7,1670,Gilbert,1670,1670,0,14859,3,_20,690,2006,2006
236500,8,1616,StoneBr,1616,1595,1180,5389,2,_120,608,1996,1995
186e3,6,1212,Edwards,1212,1212,36,10420,2,_20,460,2009,2009
208900,6,1493,CollgCr,1493,1478,994,13125,2,_20,508,1998,1997
91e3,3,1077,IDOTRR,1077,1007,0,9786,1,_30,210,1950,1922
135e3,5,2080,NAmes,1040,1040,650,11606,2,_60,504,1969,1969
297e3,8,1718,CollgCr,1718,1705,1288,10637,3,_20,826,2008,2007
115e3,6,1224,OldTown,818,818,468,3950,1,_50,210,2004,1926
161750,6,1392,CollgCr,689,689,378,10900,1,_60,299,1977,1977
39300,1,334,BrkSide,334,0,0,5e3,0,_20,0,1950,1946
179500,5,2192,SWISU,1052,720,378,8400,1,_75,240,1997,1939
119900,5,965,SawyerW,965,828,641,7800,1,_20,300,1965,1965
94500,6,987,BrDale,483,483,0,1680,1,_160,288,1972,1972
248900,8,1646,Timber,1646,1638,0,10656,3,_20,870,2007,2006
91300,5,886,OldTown,886,190,0,5784,1,_30,273,1996,1938
149900,5,894,CollgCr,894,894,894,9800,2,_20,552,1972,1972
359100,8,3194,Crawfor,1940,965,428,12168,2,_70,380,1998,1934
13e4,6,838,BrkSide,838,816,210,10267,1,_30,275,2e3,1918
262280,7,2329,SawyerW,1532,1475,1085,11839,2,_60,514,1990,1990
175500,6,1422,NWAmes,1422,1422,588,12090,2,_20,576,1981,1981
189e3,7,1456,CollgCr,728,728,648,8199,2,_60,410,2005,2005
98e3,5,1344,OldTown,624,624,0,4571,3,_70,513,1950,1916
11e4,5,1230,OldTown,682,440,0,10440,2,_50,440,1981,1910
17e4,8,1088,StoneBr,1088,1074,0,3696,2,_120,461,1986,1986
171750,7,1405,NridgHt,1405,1405,0,3136,2,_120,478,2003,2003
245500,8,1288,Veenker,1288,1260,786,14963,2,_120,500,1996,1996
187750,7,1301,Somerst,1301,1293,0,7200,2,_20,572,2006,2006
154300,5,2274,NAmes,1105,1105,443,11600,2,_90,480,1960,1960
143e3,5,1214,NAmes,1214,1214,695,10355,1,_20,318,1967,1967
108e3,5,948,Sawyer,948,948,0,8978,1,_20,300,1968,1968
112e3,4,1346,Edwards,796,560,0,11767,1,_50,384,2e3,1910
124e3,6,1229,Blueste,561,561,285,1300,2,_160,462,1980,1980
233e3,7,2084,SawyerW,956,956,656,10142,2,_60,618,2004,2004
375e3,7,2036,Timber,2036,2136,1236,215245,2,_20,513,1965,1965
127500,6,1689,Edwards,1689,1436,0,9855,2,_20,480,1956,1956
262500,7,2156,NWAmes,2156,1568,297,20781,2,_20,508,2003,1968
151e3,7,1200,Somerst,520,600,0,3180,2,_160,480,2005,2005
324e3,8,1719,Veenker,1719,1719,1619,10846,2,_120,473,1993,1993
212e3,7,1661,CollgCr,827,799,385,10667,2,_60,550,1996,1996
134900,6,1176,BrkSide,786,698,0,6e3,2,_50,624,2e3,1937
124500,5,816,Mitchel,816,816,546,8314,1,_20,264,1982,1982
98300,5,1048,NAmes,1048,0,0,7200,2,_20,420,1950,1950
15e4,4,1620,Sawyer,1620,1281,1116,9991,2,_20,490,1993,1976
186500,6,1792,Gilbert,962,936,0,10261,2,_60,451,2e3,2e3
68400,4,1128,IDOTRR,698,698,0,7500,2,_50,528,1950,1920
185500,7,1414,CollgCr,1414,1414,24,8773,2,_20,494,2004,2004
137500,5,1513,BrkSide,939,939,0,6120,1,_70,180,2004,1920
86e3,4,630,MeadowV,630,630,515,1526,1,_180,286,2002,1970
228950,5,1786,Timber,1619,1499,1249,164660,2,_190,529,1965,1965
239900,8,1801,Gilbert,901,893,0,10463,3,_60,800,2005,2005
149900,5,985,CollgCr,985,985,595,8385,1,_80,328,1977,1977
193500,6,1679,SawyerW,1679,1408,1138,8125,2,_20,575,1998,1994
98600,5,1235,NAmes,1235,1235,600,8500,2,_20,480,1961,1961
188500,7,1432,Gilbert,716,716,425,7795,2,_60,432,2005,2004
111250,4,864,NAmes,864,864,600,12735,2,_20,576,1972,1972
117e3,5,1348,BrkSide,884,884,0,6e3,1,_50,216,1997,1925
25e4,8,1634,NridgHt,1634,1626,0,11428,3,_20,866,2006,2006
143500,5,1268,CollgCr,1268,1268,196,9286,1,_20,252,1989,1977
446261,9,2713,NridgHt,1476,1452,1330,14948,3,_60,858,2008,2008
208500,7,1710,CollgCr,856,856,706,8450,2,_60,548,2003,2003
112500,5,928,OldTown,928,928,308,6e3,1,_20,288,1957,1957
144e3,5,1099,CollgCr,1099,1099,0,9525,1,_20,352,2006,1995
403e3,8,2794,NoRidge,1490,1462,689,15138,3,_60,810,1996,1995
25e4,7,2514,Timber,1298,1216,1216,11170,2,_60,693,1991,1990
101800,4,1224,NAmes,1224,0,0,9842,2,_90,462,1962,1962
175e3,7,1446,Gilbert,729,729,604,21872,2,_60,406,1997,1996
197500,5,1868,NWAmes,1088,780,381,10304,2,_60,484,1976,1976
85e3,5,1022,OldTown,1022,1022,247,7200,1,_30,280,2006,1910
108959,4,1258,Sawyer,1258,1198,1198,12900,2,_90,400,1969,1969
252678,7,1852,Somerst,932,900,822,8640,2,_60,644,2009,2009
115e3,4,864,NAmes,864,864,432,10500,0,_20,0,1971,1971
135e3,5,1271,Sawyer,720,720,0,21286,1,_50,312,1950,1948
156e3,6,912,Mitchel,912,888,773,7540,2,_85,470,1978,1978
13e4,5,1352,ClearCr,1352,1062,300,6930,1,_80,288,1958,1958
226e3,7,1479,CollgCr,1479,1453,1013,10665,2,_20,558,2003,2003
174500,7,1564,Crawfor,860,704,275,12e3,1,_70,234,1950,1941
155e3,6,1839,NAmes,1051,756,0,7700,2,_60,442,1966,1966
158e3,6,2119,NWAmes,1378,689,0,10448,2,_80,583,1972,1972
18e4,6,1298,SawyerW,1298,1298,1258,11200,2,_20,403,1985,1985
14e4,7,1717,Crawfor,961,756,216,9550,3,_70,642,1970,1915
315e3,8,2727,Crawfor,1549,853,297,10570,2,_70,440,1994,1932
239e3,6,2345,Crawfor,1170,952,503,16560,2,_70,360,1950,1932
120500,4,864,NAmes,864,864,375,6960,2,_20,660,1970,1970
19e4,6,1993,NWAmes,1097,825,416,14803,2,_60,495,1971,1971
226e3,7,2157,NAmes,1216,924,445,14200,2,_60,487,1966,1966
256300,8,1600,NridgHt,1600,1566,0,14230,3,_20,890,2007,2007
105e3,4,1374,OldTown,840,840,315,5400,1,_50,338,1950,1920
219500,7,2034,CollgCr,1057,1057,739,9375,2,_60,645,1998,1997
153900,6,1199,SawyerW,1199,1199,300,7892,2,_120,530,1993,1993
149e3,7,1502,Crawfor,851,776,0,7200,1,_70,270,2e3,1931
176e3,6,1382,NAmes,1382,1362,672,19296,2,_80,884,1962,1962
144e3,5,884,SawyerW,884,840,747,9180,2,_85,504,1983,1983
262500,8,1566,Somerst,1566,1566,1078,9e3,2,_20,750,2008,2008
179665,7,1496,Gilbert,664,654,554,17104,2,_60,426,2006,2006
101e3,5,1111,IDOTRR,581,530,0,7200,1,_75,288,1996,1920
97e3,4,1344,MeadowV,798,546,0,1533,0,_160,0,2008,1970
370878,9,1766,Somerst,1766,1766,1121,9187,3,_20,478,2009,2009
113e3,6,1218,BrDale,672,672,356,1890,1,_160,264,1973,1973
169500,7,1818,IDOTRR,1226,1040,224,7758,1,_50,240,1950,1931
152e3,6,1097,SawyerW,1097,1040,338,9672,2,_20,480,1985,1984
283463,8,1776,Timber,1776,1732,80,15306,3,_20,712,2007,2006
117e3,5,1604,Edwards,984,984,408,10998,2,_50,660,1960,1941
119500,6,1376,IDOTRR,780,780,0,8600,1,_50,198,1950,1937
137900,5,2136,NAmes,2136,2136,756,10680,2,_20,528,1951,1951
1e5,6,987,BrDale,483,483,330,1680,1,_160,264,1973,1973
193879,7,1294,CollgCr,1294,1286,0,6762,2,_20,662,2006,2006
202500,8,1370,NridgHt,1370,1370,24,6442,2,_120,484,2006,2006
168e3,8,1742,OldTown,916,916,216,17671,2,_70,424,1986,1882
119e3,5,804,OldTown,804,788,510,7200,1,_30,240,1992,1940
105500,6,832,NAmes,832,832,0,7227,2,_45,528,1954,1954
140200,6,1577,BrkSide,972,972,0,6435,1,_50,312,1950,1939
192500,7,1776,CollgCr,936,936,0,14006,2,_60,474,2002,2002
23e4,7,1314,NridgHt,1314,1314,904,5001,2,_120,626,2008,2007
175500,7,1626,NridgHt,764,764,0,2628,2,_160,474,2003,2003
116e3,6,1118,OldTown,734,648,0,4400,2,_50,440,1950,1920
99500,6,918,SawyerW,918,918,0,7892,1,_120,264,1979,1979
127e3,6,1355,IDOTRR,773,684,0,6882,0,_70,0,2006,1914
125500,5,1360,IDOTRR,803,803,0,7200,1,_50,297,1995,1938
133e3,7,767,NAmes,767,723,584,4058,1,_120,367,1998,1998
141e3,6,848,CollgCr,848,848,697,4426,2,_120,420,2004,2004
235e3,6,1252,ClearCr,1252,1602,429,13500,2,_20,564,1975,1960
185e3,6,1511,Gilbert,802,802,714,11207,2,_60,413,1997,1997
214e3,7,2060,Gilbert,1022,992,772,8755,2,_60,390,1999,1999
179e3,5,1200,Edwards,1200,1200,1200,10800,0,_90,0,1988,1987
176500,7,1632,Gilbert,955,935,0,9084,2,_60,462,1998,1998
29e4,8,2270,NoRidge,1164,1152,524,11764,3,_60,671,2007,1999
151400,6,2521,MeadowV,1291,942,837,3964,2,_160,576,1973,1973
95e3,3,1699,OldTown,1014,978,440,10615,2,_190,420,1970,1900
287090,8,1578,Somerst,1578,1573,0,9262,3,_20,840,2009,2008
14e4,6,1375,NAmes,1375,1367,0,11310,2,_20,451,1954,1954
34e4,8,2450,NoRidge,1310,1284,781,16545,3,_60,1069,1998,1998
164500,6,1224,Somerst,612,612,0,3951,2,_160,528,2009,2009
221e3,7,1839,NoRidge,1195,1195,0,16770,2,_60,486,1998,1998
135e3,5,1656,OldTown,808,660,0,10410,1,_50,180,1987,1916
34e4,8,2466,Somerst,1580,1580,0,11143,2,_60,610,2005,2004
164700,7,1250,Somerst,625,625,0,4251,2,_160,528,2007,2006
175e3,6,1509,Timber,1509,1461,783,10200,2,_80,600,1989,1988
197900,7,1779,CollgCr,866,866,0,10400,2,_60,546,1998,1998
184e3,7,1490,Gilbert,788,788,724,15384,2,_60,388,2005,2004
136e3,6,2526,OldTown,1664,714,168,8520,1,_50,216,1950,1916
85e3,3,1526,IDOTRR,1013,1013,0,8470,0,_50,0,1982,1915
213e3,7,1630,CollgCr,1630,1630,0,9750,2,_20,451,2001,2e3
24e4,6,1953,ClearCr,1079,1580,985,53107,2,_60,501,1992,1992
13e4,5,1316,OldTown,926,926,234,5500,2,_50,484,2001,1929
224500,7,1692,Timber,846,846,0,13159,2,_60,650,2009,2009
62383,5,864,Sawyer,864,864,553,8281,1,_20,360,1965,1965
183500,7,1720,Gilbert,840,840,0,8244,2,_60,440,2004,2004
149e3,6,1004,NAmes,1004,1004,578,11241,2,_20,480,1970,1970
11e4,6,1196,Edwards,684,684,0,12354,2,_50,528,2e3,1920
196e3,6,1567,Mitchel,1567,1567,1567,9819,2,_20,714,1977,1977
263435,8,1935,Somerst,832,832,544,8004,2,_60,552,2009,2009
179200,6,1294,SawyerW,1294,1278,1200,7153,2,_20,496,1991,1991
213490,7,1506,Blmngtn,1506,1362,16,3013,2,_120,440,2005,2005
227680,7,1428,Somerst,1428,1417,0,12274,2,_20,554,2008,2008
201800,7,1820,NAmes,902,864,454,13700,2,_60,492,1988,1965
204e3,7,1501,CollgCr,1501,1490,679,10335,2,_20,577,1999,1999
115e3,5,1517,IDOTRR,997,793,0,8500,0,_50,0,2005,1919
143750,6,958,NPkVill,958,958,958,4928,2,_120,440,1976,1976
337500,10,1718,NridgHt,1718,1700,1172,12456,3,_20,786,2007,2006
196e3,7,1391,Somerst,1391,1391,16,4282,2,_120,530,2004,2004
155e3,5,1269,NAmes,1269,1269,374,7931,1,_20,308,1960,1960
13e4,5,874,Mitchel,874,864,510,9858,1,_20,288,1968,1968
135750,4,952,NAmes,952,952,228,8475,1,_20,283,1956,1956
239500,8,2020,SawyerW,1142,1128,584,9828,2,_60,466,1995,1995
132e3,5,1057,Sawyer,1057,1057,417,7420,2,_20,576,1962,1962
119750,5,954,Crawfor,954,920,0,6305,1,_30,240,1950,1938
148e3,6,1194,NAmes,1194,1194,0,8760,1,_20,312,1959,1959
115e3,4,1005,NAmes,1005,1005,0,10434,2,_20,672,1955,1955
175e3,6,1647,Gilbert,953,953,0,7917,2,_60,460,2e3,1999
415298,9,2121,NridgHt,2121,2121,0,14450,3,_20,732,2007,2006
142500,5,894,Sawyer,894,864,762,13350,2,_20,440,1974,1974
175e3,6,1412,Timber,1412,1392,1005,11457,2,_20,576,1988,1988
385e3,9,1842,Veenker,1842,1842,1810,50271,3,_20,894,1987,1981
198900,7,1226,CollgCr,1226,1226,0,10402,3,_20,740,2009,2009
32e4,7,2462,Gilbert,1392,1392,57,19378,2,_60,576,2006,2005
6e4,2,800,BrkSide,800,264,0,6120,0,_30,0,1950,1936
135900,5,1716,SWISU,936,780,210,5687,0,_190,0,2e3,1912
109900,4,1196,IDOTRR,1196,1196,197,4800,2,_30,440,1990,1916
275e3,8,1787,CollgCr,1787,1753,0,14781,3,_20,748,2002,2001
84500,6,754,IDOTRR,520,520,490,6780,0,_190,0,1982,1935
199900,7,1886,Gilbert,956,930,0,11214,2,_60,431,1999,1998
169e3,5,2320,Gilbert,1547,0,0,14762,2,_60,672,1950,1948
126500,5,1065,NAmes,1065,1065,0,8892,2,_20,461,1960,1960
133e3,5,1040,Sawyer,1040,1040,824,7500,1,_20,308,1963,1963
139e3,6,1824,Mitchel,912,912,0,9400,0,_90,0,1971,1971
161500,4,1788,ClearCr,1104,1104,0,11250,1,_50,304,1989,1957
179900,8,1234,CollgCr,1234,1234,0,11049,2,_20,484,2007,2007
205e3,7,1964,NWAmes,1098,803,403,10480,2,_60,483,1976,1976
145e3,5,2002,Crawfor,1001,1001,284,6270,3,_90,871,1950,1949
9e4,4,1296,Sawyer,1296,0,0,10791,2,_90,516,1967,1967
167e3,6,1644,NAmes,1644,1416,1285,9600,2,_20,418,1953,1953
119900,5,1118,OldTown,793,793,507,7800,2,_190,410,1950,1939
109500,5,792,OldTown,792,768,0,9022,1,_30,240,2006,1924
163990,6,1456,CollgCr,728,728,0,8461,2,_60,390,2006,2005
197e3,8,1247,Somerst,1247,1247,1039,3316,2,_120,550,2005,2005
145e3,6,1092,NAmes,1092,1092,787,8250,2,_20,504,1964,1964
145e3,5,1072,Edwards,1072,547,547,3675,2,_180,525,2005,2005
131500,5,1795,OldTown,1050,1050,0,12150,1,_50,352,1954,1954
32e4,7,3222,SawyerW,1699,1673,1470,12376,3,_60,594,1990,1990
127500,6,1069,NPkVill,1069,1069,360,4043,2,_120,440,1977,1977
11e4,5,1203,BrkSide,979,709,185,7015,1,_50,352,1950,1950
128500,5,1382,OldTown,854,720,360,12358,2,_50,660,1950,1941
123600,4,990,CollgCr,990,990,588,8070,0,_20,0,1995,1994
325300,8,2376,NridgHt,1158,1158,0,14215,3,_60,853,2006,2005
135e3,5,1656,NWAmes,1656,1656,0,9246,2,_90,506,1973,1973
394617,8,1932,NridgHt,1932,1932,1336,12444,3,_20,774,2008,2008
12e4,3,1183,OldTown,679,649,331,6e3,1,_50,308,2002,1948
266e3,9,1684,NridgHt,1684,1684,28,8849,2,_120,564,2005,2005
174e3,6,1484,Gilbert,742,742,0,12589,2,_60,390,2005,2005
127500,6,980,Edwards,980,945,945,9400,0,_90,0,1975,1975
129500,5,1040,Sawyer,1040,1040,906,11200,1,_20,384,1965,1965
128e3,6,1647,SWISU,841,806,0,6858,1,_70,216,1950,1915
1e5,4,1047,OldTown,1047,641,0,10800,1,_30,273,1995,1885
582933,9,2822,NridgHt,1734,1734,0,13891,3,_60,1020,2009,2008
245e3,8,1563,Somerst,1563,1563,33,10206,3,_20,758,2007,2007
25e4,8,1992,Somerst,1053,1053,0,9375,2,_60,648,2004,2003
211e3,6,1796,CollgCr,882,794,706,9531,2,_60,546,1998,1998
262e3,8,1624,NoRidge,1624,1624,1456,12461,3,_20,757,1995,1994
180500,5,1152,NAmes,1152,1152,1014,14112,2,_80,484,1964,1964
154500,6,1068,Sawyer,1068,1059,663,8414,1,_20,264,2003,1963
108e3,4,1126,Edwards,1126,0,0,8777,2,_20,520,2003,1949
79900,6,1198,OldTown,1088,901,0,5586,0,_50,0,1998,1920
18e4,6,1523,NWAmes,1523,1193,644,11361,2,_20,478,1976,1976
83e3,6,987,BrDale,483,483,309,1953,1,_160,264,1973,1973
142953,5,2240,SawyerW,1120,0,0,7018,2,_90,528,1979,1979
126e3,5,990,CollgCr,990,990,495,8775,1,_20,299,1994,1994
148500,6,1441,NPkVill,855,855,311,2289,2,_160,440,1978,1978
17e4,5,1328,Timber,1328,1350,967,16905,1,_20,308,1959,1959
165150,6,1790,NWAmes,1012,732,247,10400,2,_60,484,1972,1972
179900,7,1442,SawyerW,1442,910,738,10357,2,_20,719,1991,1990
195400,7,1208,CollgCr,1208,1208,664,6762,2,_20,628,2007,2007
117500,5,925,NAmes,925,925,338,9100,1,_20,429,1965,1965
25e4,7,1958,Somerst,1026,1026,0,10625,3,_60,936,2005,2005
224900,7,1661,CollgCr,1661,1649,0,12137,2,_20,598,1998,1998
159e3,5,1114,SawyerW,1114,1114,646,13695,2,_20,576,2004,2004
178e3,6,1732,SawyerW,977,741,0,9206,2,_60,476,1985,1985
115e3,5,912,NAmes,912,912,312,7800,1,_20,288,1964,1964
125e3,5,894,Sawyer,894,894,180,7094,1,_20,384,1966,1966
176e3,7,1978,NWAmes,1098,832,552,9900,2,_60,486,1968,1968
187500,7,1717,Timber,1187,1156,902,13758,2,_50,400,1991,1990
228500,7,1982,SawyerW,1175,807,421,11287,2,_60,575,1989,1989
165e3,6,1208,Veenker,1208,1208,767,11250,2,_20,546,1977,1977
239e3,9,1800,CollgCr,1800,1800,0,11923,2,_20,702,2007,2007
129e3,5,936,NAmes,936,936,248,5868,1,_20,308,2e3,1956
143500,6,1285,Sawyer,1285,660,0,8197,2,_20,528,1977,1977
252e3,8,1953,Somerst,1082,1082,0,10574,3,_60,1043,2006,2005
118400,6,1012,IDOTRR,1012,1012,0,8263,1,_30,308,1950,1920
138500,5,1052,NAmes,1052,1052,1016,8400,1,_20,288,1968,1968
152e3,7,1370,NWAmes,1370,1090,0,10400,2,_20,479,1976,1976
146e3,5,1200,NAmes,1200,864,661,9230,2,_20,884,1998,1965
108e3,4,1510,Edwards,755,755,0,9084,1,_70,296,1950,1940
96500,4,1140,OldTown,792,576,0,8800,0,_50,0,2004,1910
145e3,5,1314,NAmes,1314,1314,922,8400,1,_20,294,1957,1957
89500,6,1406,IDOTRR,1035,319,0,7920,0,_50,0,1950,1920
185e3,6,1442,NWAmes,1442,1442,0,11717,2,_20,615,1970,1970
152e3,5,1620,NWAmes,780,780,493,10793,2,_60,462,1969,1969
451950,10,2296,NridgHt,1728,1722,1338,13478,3,_60,842,2008,2008
156e3,5,1073,NAmes,1073,1073,836,10289,2,_20,515,1965,1965
29e4,8,2531,NoRidge,1328,1318,56,12257,3,_60,752,1995,1995
191e3,6,2555,Crawfor,1423,588,0,11526,2,_70,672,1994,1922
199900,7,1241,Somerst,1241,1241,1106,4274,2,_120,569,2007,2006
267e3,8,2452,CollgCr,1210,1028,281,16226,2,_60,683,1999,1998
134800,5,900,NAmes,900,900,234,7200,2,_20,576,2e3,1951
377500,9,1746,Gilbert,1746,1746,1320,14892,3,_20,758,2007,2006
144e3,5,1524,NAmes,874,874,460,11344,1,_50,315,1958,1958
118500,4,2230,SWISU,954,795,0,6204,1,_75,440,1950,1912
12e4,5,1130,OldTown,1130,1120,821,10800,2,_30,720,1950,1920
279500,7,1494,CollgCr,1494,1494,0,10652,3,_20,840,2007,2006
157e3,5,1178,NWAmes,1178,1176,1084,1e4,2,_20,439,2e3,1973
205e3,7,1986,NAmes,1186,768,454,13600,2,_60,486,1990,1965
200500,5,3086,ClearCr,1636,1598,152,18030,0,_50,0,1994,1946
193e3,7,1790,CollgCr,882,873,633,9179,2,_60,588,1999,1999
237e3,7,1829,CollgCr,941,941,483,9548,2,_60,613,2003,2003
129500,6,2058,OldTown,1134,735,319,9600,2,_75,396,1950,1917
127e3,5,1040,Sawyer,1040,1040,659,6897,1,_20,260,2010,1962
174e3,6,1560,Gilbert,684,684,0,11911,2,_60,400,2005,2005
12e4,6,1217,SawyerW,626,626,0,10762,1,_160,288,1980,1980
191e3,7,1479,CollgCr,1479,1468,0,9382,2,_20,577,2e3,1999
335e3,7,1902,Crawfor,1902,1902,1406,17500,2,_20,567,2002,1959
139e3,5,1121,Sawyer,1121,1121,651,8816,2,_20,480,1963,1963
306e3,8,1704,NridgHt,1704,1704,1218,11478,3,_20,772,2008,2007
137500,4,1180,Crawfor,1180,700,0,11600,1,_30,252,1950,1922
174e3,8,1441,Somerst,764,776,0,2645,2,_160,492,2e3,1999
158e3,6,1352,Sawyer,663,663,371,9364,1,_60,299,1969,1969
232e3,7,1616,Somerst,1616,1616,0,8688,3,_20,834,2005,2005
107500,5,1347,Edwards,820,1117,969,7e3,0,_190,0,1991,1910
156e3,5,990,CollgCr,990,990,716,13568,2,_20,576,1995,1995
127500,6,864,NAmes,864,864,612,9100,1,_20,300,1959,1959
93500,5,974,Mitchel,974,974,212,10712,0,_20,0,1992,1991
147500,5,1256,Edwards,1256,1256,830,9937,1,_20,276,1965,1965
361919,8,2576,StoneBr,1264,1234,0,12438,3,_60,666,2006,2006
226e3,7,1929,Somerst,1057,1057,738,7050,2,_60,650,2001,2001
289e3,7,1801,Crawfor,1801,1501,1247,15602,2,_20,484,1997,1959
165400,7,1656,Edwards,760,746,0,6931,2,_60,397,2004,2003
239e3,7,1950,Somerst,975,975,649,7399,2,_60,576,1998,1997
81e3,4,630,MeadowV,630,630,495,1890,0,_180,0,1972,1972
14e4,6,1136,NAmes,1136,1136,892,9200,1,_20,384,1965,1965
175e3,5,1484,NWAmes,1484,1484,998,12243,2,_20,487,1971,1971
8e4,4,630,MeadowV,630,630,509,1477,1,_180,286,1970,1970
15e4,6,1244,NAmes,1244,1244,777,11988,1,_20,336,1957,1957
151e3,6,1556,Blueste,716,716,81,1950,2,_160,452,1980,1980
392e3,8,1419,StoneBr,1419,1419,945,8089,2,_20,567,2007,2007
145500,5,1053,NAmes,1053,1053,806,10007,1,_20,312,2006,1959
132e3,7,854,BrkSide,854,832,0,6120,2,_45,576,2001,1929
213e3,7,1484,CollgCr,1484,1473,712,8400,2,_20,606,2005,2004
142e3,6,1252,NAmes,1252,1252,0,10721,2,_20,528,1959,1959
116e3,5,1250,Edwards,686,686,0,8248,1,_50,280,1950,1918
173e3,7,1626,NridgHt,764,764,567,2268,2,_160,474,2004,2003
194500,7,1895,Gilbert,1086,712,0,10832,2,_60,409,1996,1994
121600,4,1230,BrkSide,774,747,384,4712,1,_50,305,1950,1946
159950,5,1086,NAmes,1086,1024,516,13400,2,_80,484,1966,1966
169990,6,1316,Gilbert,1316,1316,28,10237,2,_20,397,2006,2005
233230,8,1919,CollgCr,1079,1079,0,15611,2,_60,685,2006,2006
19e4,7,1500,CollgCr,1500,1500,20,8487,2,_20,570,2004,2004
167500,5,1394,Timber,754,384,0,9735,2,_80,400,2007,2006
168500,6,1350,NAmes,1350,1248,624,9020,2,_80,520,1964,1964
105900,6,720,OldTown,720,624,0,8520,2,_30,484,2003,1928
107e3,6,1117,Edwards,1117,1029,422,7819,2,_80,672,1976,1976
109900,4,1040,NAmes,1040,0,0,7200,2,_20,420,1950,1950
197900,6,1724,NWAmes,1724,1680,528,17871,2,_80,480,1976,1967
286e3,8,1593,StoneBr,1593,1593,1153,4923,2,_120,682,2002,2001
115e3,5,1028,OldTown,1028,1008,0,8960,2,_30,360,1950,1927
73e3,5,764,OldTown,764,680,0,5232,2,_30,504,2004,1925
167500,5,1264,NAmes,1264,1268,697,9300,2,_20,461,1960,1960
168e3,5,1437,Sawyer,1437,1188,988,14175,2,_20,576,1987,1956
19e4,6,1574,NWAmes,790,796,712,18800,2,_60,566,1976,1976
14e4,6,1668,NAmes,1112,856,120,9600,1,_50,271,2005,1950
109008,4,907,NAmes,907,907,288,8593,1,_20,352,1957,1957
118500,5,1216,NAmes,832,832,442,8480,1,_50,336,1950,1947
99900,5,864,Edwards,864,864,0,4060,0,_30,0,1950,1922
124500,4,864,NAmes,864,864,191,8120,2,_20,463,1970,1970
6e4,5,1276,Edwards,1276,1276,0,9571,1,_20,350,1958,1958
311872,7,1726,Somerst,1726,1726,1126,9416,3,_20,786,2007,2007
23e4,8,1852,CollgCr,1004,1004,668,9066,3,_60,660,2e3,1999
129e3,4,960,BrkSide,960,960,789,9873,2,_190,576,1970,1970
192e3,8,1269,Blmngtn,1269,1256,24,3182,2,_120,430,2005,2004
314813,9,1828,NridgHt,1828,1822,48,11694,3,_20,774,2007,2007
2e5,7,2082,OldTown,1362,1362,0,11426,2,_50,484,2003,2003
75e3,4,1092,MeadowV,546,546,0,2001,1,_160,286,1970,1970
17e4,5,1779,Sawyer,1779,1763,306,17920,2,_20,454,1974,1955
86e3,5,691,OldTown,691,691,0,5400,1,_30,216,1950,1920
94e3,5,1020,Sawyer,780,780,0,6342,0,_50,0,1996,1875
142e3,5,1188,NAmes,1188,1188,1e3,12160,2,_20,531,1959,1959
124500,5,1960,OldTown,960,960,0,7596,2,_90,400,1952,1952
147e3,6,1322,NPkVill,855,855,257,2308,2,_160,440,1974,1974
146e3,6,1456,NPkVill,855,855,311,2280,2,_160,440,1978,1978
148800,7,1102,Somerst,551,551,239,5105,2,_160,480,2004,2004
17e4,7,1430,Gilbert,774,384,0,9967,2,_80,400,2e3,2e3
128500,5,988,Sawyer,988,988,827,9945,2,_20,572,1961,1961
255900,8,2290,CollgCr,1149,1128,0,11250,2,_60,779,2002,2002
22e4,6,1991,Crawfor,1096,854,297,11275,2,_50,432,1950,1932
171e3,6,1716,NAmes,858,858,319,9247,2,_60,490,1962,1962
13e4,5,899,Sawyer,899,864,450,7800,1,_20,288,2004,1967
225e3,8,1496,Somerst,1496,1496,0,9158,2,_20,474,2007,2007
139900,5,1422,NAmes,1422,978,0,12342,1,_20,286,1978,1960
89471,4,1131,OldTown,1131,907,168,5925,2,_30,672,2e3,1937
118e3,6,987,BrDale,483,483,162,1680,1,_160,264,2007,1972
167500,7,2019,BrkSide,1136,728,0,11414,2,_70,532,1993,1910
129900,5,816,NAmes,816,816,708,7100,1,_20,308,1957,1957
402e3,8,2448,NoRidge,1686,1629,1361,46589,3,_60,711,2005,1994
317e3,8,2473,NridgHt,1143,1143,0,9591,3,_60,852,2005,2004
143900,5,1696,Sawyer,1696,1140,0,13673,1,_20,349,1962,1962
22e4,7,1541,NridgHt,1541,1541,1201,12182,2,_20,532,2005,2005
149e3,5,1576,BrkSide,1042,1042,0,6240,1,_50,225,1950,1928
151e3,6,1212,Sawyer,1212,506,506,8471,2,_80,492,1995,1977
242e3,7,2069,NAmes,2069,585,425,27650,2,_20,505,2007,1960
172785,6,1456,Gilbert,728,728,0,15578,2,_60,429,2006,2006
264132,9,1506,Somerst,1506,1498,0,14587,2,_20,592,2008,2008
155e3,5,1803,Sawyer,1803,1134,168,13125,2,_20,484,2e3,1957
148e3,6,1032,NWAmes,1032,1032,605,10395,2,_80,564,1978,1978
144500,6,848,CollgCr,848,848,662,4438,2,_120,420,2004,2004
145e3,5,1712,NAmes,1712,1626,528,8393,2,_90,588,2005,1959
181e3,6,1309,NWAmes,1309,1040,663,10140,2,_20,484,1999,1974
139e3,5,1109,NAmes,576,372,349,10500,1,_80,288,2005,1971
93e3,5,1124,Edwards,1124,0,0,8335,0,_20,0,1954,1954
269790,7,2013,NoRidge,1127,1117,862,9920,2,_60,455,1997,1996
219500,7,1928,CollgCr,847,847,0,8200,2,_60,434,2004,2003
475e3,10,3608,OldTown,1518,1107,0,22950,3,_75,840,1993,1892
11e4,6,813,OldTown,813,813,0,5684,1,_30,270,2005,1930
194e3,5,1432,Veenker,1432,1360,680,16157,2,_80,588,1978,1978
93500,3,1040,NAmes,1040,0,0,8544,2,_90,400,1950,1950
302e3,7,1824,ClearCr,1824,1643,1219,115149,2,_20,739,2002,1971
135960,5,943,NAmes,943,943,943,7032,2,_90,600,1979,1979
136e3,6,1080,NAmes,1080,1080,570,9464,1,_20,288,1958,1958
215e3,6,1961,Mitchel,804,804,690,12209,2,_60,560,2002,2001
104900,5,1221,Edwards,949,784,392,9738,1,_50,392,1950,1924
22e4,8,1296,Timber,1296,1267,1005,6853,2,_20,471,2002,2001
153575,6,1396,BrkSide,698,698,0,8730,1,_70,384,2003,1915
144e3,5,1344,NAmes,1344,1024,457,9503,1,_20,484,1983,1958
149e3,6,848,CollgCr,848,848,662,4438,2,_120,420,2004,2004
189950,7,1426,Crawfor,912,912,0,7642,1,_50,216,1998,1918
326e3,9,1850,NridgHt,1850,1833,1261,16033,3,_20,772,2005,2004
105e3,3,1214,OldTown,694,672,0,10410,3,_50,936,1950,1915
23e4,8,1517,Crawfor,792,792,0,11435,2,_70,400,1950,1929
157e3,5,1090,Edwards,1090,1090,980,7024,2,_20,450,2006,2005
26e4,7,1524,ClearCr,1332,1332,1258,23595,2,_40,586,1979,1979
104900,4,1738,NAmes,1281,715,0,12513,1,_50,368,2007,1920
196500,7,1720,CollgCr,860,860,0,11645,2,_60,565,2004,2004
76500,3,1306,BrkSide,1306,728,0,5350,0,_30,0,1966,1940
198500,7,1922,Edwards,495,0,0,7301,2,_85,672,2003,2003
173e3,6,1671,Gilbert,959,959,786,10852,2,_60,472,2e3,2e3
116e3,5,910,NAmes,910,105,0,8892,2,_20,414,1996,1953
162e3,6,1395,NWAmes,735,723,593,12936,2,_60,497,1972,1972
294e3,7,2167,Veenker,1516,1192,125,17542,2,_60,518,2003,1974
214e3,7,1588,CollgCr,1588,1588,1162,10264,2,_20,472,1999,1999
135500,5,1393,Edwards,872,816,0,16466,1,_50,300,1955,1955
17e4,5,1389,Mitchel,1389,1389,1071,10010,2,_20,418,1975,1974
127e3,5,864,CollgCr,864,864,390,7180,1,_20,352,1972,1972
14e4,6,1069,NPkVill,1069,1069,559,4043,2,_120,440,1977,1977
177e3,6,1525,Somerst,769,756,436,2117,2,_160,440,2e3,2e3
235e3,6,2108,Edwards,1236,1127,626,13728,2,_70,540,1986,1935
135e3,4,1229,Edwards,1229,1134,1059,17140,1,_20,284,1956,1956
228500,8,2169,CollgCr,1284,1284,0,9375,2,_60,647,2002,2002
177e3,6,1470,Gilbert,794,794,182,13869,2,_60,388,1997,1997
242e3,7,2978,NAmes,1898,710,0,11275,2,_80,564,2007,1967
93e3,5,1387,OldTown,811,811,0,6e3,1,_190,256,1954,1954
224e3,7,1358,NridgHt,1358,1358,733,6371,2,_120,484,2010,2009
136905,5,1680,NWAmes,1680,1680,0,11500,2,_90,528,1976,1976
185e3,6,1470,Gilbert,680,680,310,9765,2,_60,420,1993,1993
217e3,6,2259,Crawfor,2259,1809,35,21e3,2,_20,450,1953,1953
227e3,7,1573,CollgCr,1573,1573,788,9808,2,_20,544,2002,2002
18e4,7,1339,Timber,1339,1309,1053,8049,2,_20,484,1990,1990
157e3,6,1253,NAmes,1253,1253,733,10920,1,_20,352,1960,1960
402861,10,2020,NridgHt,2020,2006,1436,12220,3,_20,900,2009,2009
197e3,7,1576,Somerst,778,770,0,8125,2,_60,614,2006,2006
16e4,5,2414,OldTown,1766,954,664,10800,2,_190,520,1970,1900
174900,6,1165,NAmes,1165,1127,312,9020,2,_80,490,1966,1966
196e3,6,1306,NridgHt,1306,1306,900,5381,2,_120,624,2005,2005
27e4,8,1494,Veenker,1494,1494,437,9549,2,_120,481,1996,1995
226700,7,1768,Somerst,866,866,400,9803,2,_60,603,2005,2005
185e3,5,2126,ClearCr,1160,1013,249,28698,2,_60,538,1967,1967
315500,9,1620,Timber,1620,1620,1022,12898,3,_20,912,2008,2007
169e3,6,1600,Gilbert,916,916,0,8773,2,_60,460,1997,1997
128e3,6,958,NPkVill,958,1078,120,4928,2,_120,440,1976,1976
133e3,5,768,CollgCr,768,768,656,8445,2,_85,396,2007,1972
381e3,8,3447,Crawfor,1968,728,192,14100,3,_50,1014,1997,1935
155e3,6,1094,Edwards,1094,1094,500,10452,2,_20,495,1953,1953
248328,7,1689,Somerst,1689,1689,0,9849,3,_20,954,2007,2007
127e3,5,1691,SWISU,1026,1026,218,5e3,1,_50,308,1950,1924
307e3,8,1694,Somerst,1694,1686,1369,10084,2,_20,636,2005,2004
138e3,5,990,CollgCr,990,990,746,8072,2,_20,480,1995,1994
124e3,5,1584,NAmes,1584,1584,0,8944,3,_90,792,1967,1967
147e3,6,1026,CollgCr,1026,940,505,10970,2,_80,576,1978,1978
98e3,5,864,Edwards,864,864,468,5604,0,_30,0,1950,1925
325e3,8,2622,NoRidge,1500,1463,1032,12256,2,_60,712,1995,1994
28e4,7,2172,NridgHt,1071,1063,0,14154,3,_60,947,2006,2006
128900,5,1050,NAmes,1050,1050,504,9600,1,_20,338,1956,1956
155e3,6,1215,NAmes,1215,1215,585,12400,1,_20,297,1998,1958
272e3,8,1601,CollgCr,1601,1581,1358,11423,2,_20,670,2002,2001
159e3,6,1664,BrkSide,1004,1004,399,5e3,2,_50,420,1950,1947
129e3,5,1144,Edwards,1144,1144,739,9571,1,_20,596,1956,1956
125e3,6,752,SawyerW,752,744,623,7175,1,_120,264,1984,1984
183e3,7,1640,CollgCr,798,798,0,7226,2,_60,595,2003,2003
116050,4,864,NAmes,864,864,0,9353,1,_20,280,1970,1970
125500,4,1154,IDOTRR,796,796,735,5436,1,_50,240,2007,1922
16e4,6,1324,NAmes,1324,1088,643,8658,2,_20,440,1965,1965
2e5,5,2634,NAmes,1338,1248,500,11643,4,_90,968,1969,1969
154e3,5,1246,NAmes,1246,1246,340,7500,1,_20,305,1994,1959
102e3,4,1220,Edwards,1220,836,836,8877,2,_20,396,1951,1951
219500,7,1740,Crawfor,960,800,410,13125,1,_70,240,1984,1940
174e3,6,1537,NAmes,1537,1319,0,8400,2,_20,462,2005,1962
26e4,7,2646,NoRidge,1372,1347,987,9900,3,_60,656,1993,1993
155835,7,1456,CollgCr,728,728,0,11103,2,_60,440,2006,2006
143e3,5,1362,Mitchel,796,796,732,14115,2,_50,480,1995,1993
137e3,5,1920,NAmes,928,928,220,11345,2,_90,400,1950,1948
212e3,8,1502,StoneBr,1502,1488,368,6820,2,_120,528,1985,1985
118e3,6,1218,BrDale,672,672,317,1680,1,_160,264,1972,1972
19e4,7,1728,CollgCr,864,864,0,9313,2,_60,572,2004,2004
175e3,5,1464,Sawyer,1464,520,444,12886,2,_80,480,1999,1963
235128,8,1580,Somerst,1580,1580,0,11932,3,_20,830,2008,2007
165500,5,1110,Mitchel,1110,1097,1097,9101,2,_85,602,1978,1978
176e3,4,1132,Edwards,1132,1132,1024,7024,2,_20,451,2005,2005
186700,5,1572,Timber,1572,1572,1159,35133,3,_20,995,1963,1963
202500,7,1368,NridgHt,1368,1368,0,6955,2,_120,474,2006,2005
392500,8,1652,Crawfor,1652,1600,1480,5587,2,_120,482,2008,2008
538e3,8,3279,StoneBr,1690,1650,1416,53504,3,_60,841,2003,2003
176e3,6,1456,Gilbert,728,728,0,8029,2,_60,400,2005,2005
158e3,5,1159,Sawyer,1159,1051,673,11553,1,_20,336,1968,1968
241500,7,1872,NWAmes,1872,1845,929,10400,2,_20,604,1988,1988
127e3,5,1285,BrkSide,1072,672,336,8635,1,_50,240,2001,1948
142125,5,1078,NAmes,1078,1078,49,9717,1,_20,240,1996,1950
178e3,6,1593,Gilbert,808,808,0,9636,2,_60,389,1993,1992
159e3,6,1734,NAmes,1085,912,600,9786,2,_50,440,1981,1962
153e3,6,1520,NAmes,1520,1156,674,9600,1,_80,364,1972,1955
127e3,5,1475,MeadowV,925,757,548,2665,1,_160,336,1977,1977
181e3,6,1337,NAmes,1337,1405,266,4060,2,_120,511,1999,1998
315e3,8,2630,NoRidge,1470,1470,986,9200,3,_60,696,1998,1998
193e3,6,1617,SawyerW,1617,1604,165,8012,2,_120,533,1994,1993
119e3,5,988,NAmes,988,876,534,7200,1,_20,276,1950,1950
258e3,8,2263,NoRidge,1165,1141,0,12090,2,_60,420,1998,1998
202500,7,1621,NWAmes,1621,1208,213,14145,2,_20,440,1998,1984
134500,5,999,NAmes,999,925,784,10205,1,_85,300,1962,1962
2e5,6,3395,SWISU,1440,1440,256,10896,0,_190,0,1995,1914
345e3,9,2324,NridgHt,1182,1175,998,11924,3,_60,736,2006,2005
19e4,7,1166,Gilbert,1166,856,655,9587,2,_80,400,2005,2005
118500,6,816,Edwards,816,816,816,11841,0,_90,0,1990,1990
213500,7,1797,CollgCr,939,939,0,9245,2,_60,639,2006,2006
192500,7,1555,Blmngtn,1555,1373,16,3182,2,_120,430,2006,2005
188e3,6,1658,Gilbert,773,773,219,8e3,2,_60,431,1996,1995
213250,7,1680,NWAmes,1680,1650,144,10140,2,_20,583,1999,1998
154900,5,1343,Crawfor,820,731,0,7681,1,_50,186,1950,1921
143e3,6,1328,NWAmes,1328,1328,569,9790,2,_20,528,1963,1963
625e3,10,3627,NoRidge,1831,1930,1387,35760,3,_60,807,1996,1995
172500,6,1683,Sawyer,918,918,226,11184,2,_60,440,1978,1978
135e3,5,1048,NAmes,1048,1048,586,10152,1,_20,286,1956,1956
38e4,9,2643,NridgHt,2069,2153,0,13693,3,_60,694,2006,2006
25e4,7,2057,Crawfor,1020,1017,223,11500,1,_50,180,1987,1936
12e4,5,1340,Edwards,1340,0,0,9060,1,_20,252,2006,1957
97e3,5,882,OldTown,882,0,0,12702,1,_20,308,1956,1956
116500,5,858,BrkSide,858,858,696,7207,0,_20,0,2008,1958
142600,5,1728,NAmes,1728,1728,231,13101,2,_90,576,1965,1965
244400,7,2403,ClearCr,1207,1032,0,24090,1,_70,349,1950,1940
133e3,4,1573,BrkSide,989,884,0,6120,1,_50,240,1995,1935
129900,5,1060,MeadowV,1060,1040,840,4224,2,_120,572,1976,1976
130500,5,816,Mitchel,816,816,641,6600,1,_20,264,2008,1982
437154,9,2728,NridgHt,1848,1848,1410,20431,3,_60,706,2006,2005
339750,8,2078,Somerst,1050,1034,789,10800,3,_60,836,2008,2007
9e4,5,2337,OldTown,1422,662,0,13600,2,_190,560,1950,1900
282922,8,1464,Somerst,1464,1485,929,15256,3,_20,754,2007,2007
172500,8,1739,Somerst,983,970,649,2645,2,_160,480,2e3,1999
203e3,7,1504,CollgCr,1504,1504,690,11883,2,_20,478,1996,1996
246578,7,1500,Blmngtn,1500,1356,1070,4045,3,_120,648,2006,2006
152e3,5,1040,CollgCr,1040,1040,732,12464,2,_20,576,1996,1996
214500,6,2134,BrkSide,1445,844,0,11888,2,_75,441,1994,1916
185e3,7,1718,Gilbert,885,832,0,10141,2,_60,427,1998,1998
191e3,7,1716,CollgCr,909,880,0,8750,2,_60,512,1996,1996
14e4,7,1710,OldTown,902,576,0,10300,2,_70,480,1950,1921
87e3,5,1248,OldTown,912,912,324,9439,1,_50,160,1950,1930
135e3,4,1192,NAmes,720,720,0,10800,0,_50,0,1950,1949
85500,4,869,BrkSide,869,440,0,5900,0,_30,0,1958,1923
34900,4,720,IDOTRR,720,720,495,7879,0,_30,0,1950,1920
125e3,5,1472,OldTown,842,702,0,9600,1,_50,250,1994,1925
395192,9,1940,NridgHt,1940,1930,1646,10159,3,_20,606,2010,2009
19e4,7,1453,ClearCr,1453,1453,1082,5271,2,_120,445,1986,1986
133500,5,864,CollgCr,864,864,460,15523,1,_20,338,1972,1972
11e4,5,892,NAmes,892,864,340,9477,1,_20,264,1966,1966
274900,8,1713,NridgHt,1713,1713,1088,9591,3,_20,856,2005,2004
90350,5,694,Crawfor,694,440,365,4280,1,_30,352,2002,1913
325624,8,2161,NridgHt,1610,1582,1288,10562,3,_60,789,2007,2007
153337,5,1224,SawyerW,1224,1086,1086,7018,2,_90,528,1979,1979
165500,5,1700,NAmes,1700,1398,1018,10552,2,_20,447,1959,1959
225e3,7,1983,Gilbert,1005,978,694,10762,2,_60,490,1999,1999
2e5,7,1861,CollgCr,920,916,700,13450,2,_60,492,2002,2002
102776,4,1178,IDOTRR,859,859,0,8712,1,_50,384,1950,1900
165500,6,1661,NAmes,1661,992,831,9600,1,_80,377,1996,1955
129e3,5,864,NAmes,864,864,398,7200,2,_20,720,2002,1950
112e3,4,960,Edwards,960,672,0,8926,1,_20,288,1956,1956
32e4,9,1905,Somerst,1905,1905,0,11670,3,_20,788,2006,2006
194201,7,1402,Blmngtn,1402,1258,0,3922,3,_120,648,2007,2006
82500,7,1411,NWAmes,1411,1386,822,11900,2,_20,544,1977,1977
82e3,3,944,Edwards,944,0,0,10206,2,_20,528,1952,1952
117500,6,2210,OldTown,1178,1008,0,9900,1,_70,205,1950,1880
128e3,4,1324,BrkSide,757,672,672,6e3,1,_50,240,1950,1936
163500,6,1657,NAmes,1657,1657,1237,12155,2,_20,484,1970,1970
163e3,6,1261,NAmes,1261,1261,662,9120,2,_20,433,1958,1958
194700,6,1362,NridgHt,1362,1362,20,7577,2,_120,460,2006,2005
465e3,10,2076,NridgHt,2076,2076,1386,13891,3,_20,850,2006,2006
232e3,8,1668,CollgCr,1668,1657,370,10635,2,_20,502,2003,2003
148500,6,1456,NPkVill,855,855,566,2280,2,_160,440,1976,1976
325e3,10,2775,OldTown,1521,1237,0,13500,2,_75,880,2e3,1893
335e3,9,2184,NridgHt,1130,1104,936,11308,3,_60,836,2008,2008
147e3,5,912,NAmes,912,912,595,8872,2,_20,576,2008,1965
128500,5,971,CollgCr,971,971,523,9920,1,_20,300,1969,1969
107e3,4,1328,OldTown,810,686,0,9906,1,_70,210,1950,1925
165e3,6,1224,Mitchel,1224,1224,883,4500,2,_120,402,1999,1999
438780,10,2945,StoneBr,1426,1410,0,13682,3,_60,641,2006,2006
175900,6,1603,SawyerW,810,761,387,7153,2,_60,484,1992,1992
1e5,5,1664,Edwards,1664,0,0,9825,0,_90,0,1965,1965
207500,7,2090,StoneBr,1190,1190,828,5062,2,_160,577,1984,1984
28e4,8,1836,NridgHt,1836,1836,1039,11362,3,_20,862,2005,2004
31e4,10,2007,Somerst,1026,1017,765,11003,3,_60,812,2008,2008
128200,5,894,CollgCr,894,894,182,10650,1,_20,308,1976,1976
92e3,5,630,MeadowV,630,630,553,1533,0,_180,0,1970,1970
172500,5,1920,Sawyer,1252,1052,57,13650,2,_50,451,1958,1958
256e3,6,2792,OldTown,1584,1510,493,10440,2,_50,520,1950,1920
142e3,6,912,Sawyer,912,912,832,6768,1,_20,288,1996,1961
318e3,8,1734,NridgHt,1734,1734,1004,12085,3,_20,928,2007,2007
21e4,6,2073,NWAmes,2073,1542,790,13175,2,_20,500,1988,1978
132500,5,954,CollgCr,954,911,483,10780,2,_80,576,1976,1976
162500,6,1232,Veenker,1232,1232,660,11120,2,_20,516,1984,1984
21e4,7,1436,CollgCr,1436,1436,946,8450,2,_20,484,2004,2004
244e3,6,2054,Gilbert,1022,992,695,12224,2,_60,390,2e3,2e3
159434,5,1520,SWISU,848,793,182,4500,1,_50,281,2e3,1932
135e3,5,1098,NAmes,1098,1098,902,7390,1,_20,260,1955,1955
110500,5,866,OldTown,866,686,329,3880,0,_30,0,1997,1945
150500,5,1040,CollgCr,1040,1040,532,8800,2,_20,484,2008,1977
205e3,7,1548,BrkSide,952,952,0,7264,2,_50,672,2007,1925
194e3,7,1240,CollgCr,1240,1240,0,8556,3,_20,826,2006,2006
249700,8,1656,Somerst,1656,1656,24,11096,3,_20,826,2006,2006
144e3,5,1167,BrkSide,1167,915,645,8731,2,_30,495,1950,1920
178e3,6,1571,Gilbert,799,799,0,7837,2,_60,380,1994,1993
193e3,6,1593,Gilbert,864,839,759,7415,2,_60,398,2004,2004
17e4,5,1466,OldTown,1096,796,626,10800,2,_50,566,1989,1936
16e4,5,1126,Mitchel,1126,1126,936,17400,2,_20,484,1977,1977
212e3,8,1768,CollgCr,866,866,20,10769,2,_60,578,2007,2007
275e3,8,1742,StoneBr,1742,1742,1148,6563,2,_120,564,1985,1985
181e3,6,1675,Gilbert,892,841,0,24682,2,_60,502,1999,1999
275e3,8,1646,Crawfor,1646,1594,1373,3842,2,_120,482,2005,2004
185850,7,1364,NridgHt,1364,1364,659,7052,2,_120,484,2005,2005
108e3,4,1336,IDOTRR,897,637,637,11040,1,_50,570,1950,1920
81e3,3,894,IDOTRR,894,894,0,18e3,3,_30,1248,1950,1935
92900,3,1040,NAmes,1040,0,0,8544,2,_90,400,1950,1950
248e3,8,2285,NoRidge,997,969,0,11e3,3,_60,648,2e3,2e3
148e3,6,1113,Edwards,1113,1143,751,7917,1,_20,504,1976,1976
18e4,7,2207,NAmes,2207,1947,912,19900,2,_20,576,1989,1970
315e3,9,1838,Timber,1838,1838,1260,14601,3,_20,765,2006,2006
132500,5,1190,NAmes,1190,1106,803,7728,2,_90,540,1962,1962
313e3,9,2153,CollgCr,1476,1440,904,11050,3,_60,736,2e3,2e3
275500,8,2098,NridgHt,1038,1030,0,10240,3,_60,878,2005,2005
319900,9,1752,NridgHt,1752,1752,456,7658,2,_120,576,2005,2005
24e4,7,1710,Mitchel,1710,1710,0,12118,2,_20,550,2005,2004
19e4,7,1969,NWAmes,1161,808,0,11952,2,_60,534,1977,1977
164990,7,1310,CollgCr,1310,1310,24,8767,2,_20,400,2005,2005
11e4,4,858,NAmes,858,858,322,7340,1,_20,684,1971,1971
134e3,5,1211,Sawyer,1211,952,250,8250,1,_20,322,1968,1968
8e4,4,747,OldTown,747,747,0,4608,1,_30,220,1950,1945
315e3,9,1980,NridgHt,1980,1980,1447,16737,3,_20,770,2005,2004
284e3,8,1629,NridgHt,1629,3206,1124,10655,3,_20,880,2004,2003
209500,8,1554,NridgHt,1554,1554,24,4590,2,_120,627,2006,2006
144152,7,1200,Somerst,520,600,0,3180,2,_160,480,2005,2005
345e3,8,2704,NAmes,2e3,1952,1410,13860,2,_80,538,1995,1972
9e4,4,1040,NAmes,1040,0,0,7200,2,_90,420,1950,1949
179600,7,1422,CollgCr,1422,1422,0,8500,2,_20,626,2004,2004
176e3,6,1458,Somerst,729,729,419,3230,2,_160,440,1999,1999
189e3,5,2601,SWISU,990,612,0,9842,2,_70,621,1998,1921
223500,5,1576,BrkSide,1072,1324,1309,21384,2,_70,528,2004,1923
309e3,8,2452,NridgHt,1132,1117,0,13418,3,_60,691,2005,2004
187e3,6,1851,NAmes,1020,822,536,9760,2,_60,440,1993,1964
19e4,5,1867,ClearCr,1867,1617,379,10708,1,_20,303,1993,1955
120500,4,864,NAmes,864,864,616,9e3,2,_20,528,1971,1971
118858,5,1535,SawyerW,1535,0,0,7018,2,_90,400,1979,1979
269500,8,1968,Timber,774,774,0,12003,3,_60,680,2010,2009
124e3,6,932,NAmes,932,932,0,8280,1,_20,306,1950,1950
16e4,5,1928,SWISU,948,686,0,7082,0,_190,0,1995,1916
165e3,6,1977,NAmes,1127,816,442,9500,2,_60,540,1978,1964
555e3,10,2402,NridgHt,2402,3094,1767,15431,3,_20,672,2008,2008
145250,6,1383,NAmes,1383,1383,565,11600,1,_20,292,1960,1960
153500,6,1337,Mitchel,1337,1237,1201,4500,2,_120,405,1998,1998
135e3,5,893,NAmes,893,845,220,9600,2,_45,576,2003,1949
208900,7,1352,Somerst,1352,1352,0,4230,2,_120,466,2007,2006
207e3,7,1358,NridgHt,1358,1358,720,8198,2,_120,484,2004,2004
232e3,8,1574,Somerst,1574,1574,24,11957,3,_20,824,2006,2006
138887,5,1784,Crawfor,892,747,0,13132,1,_70,180,1950,1914
233170,7,1502,NridgHt,1502,1502,0,9541,2,_20,644,2009,2009
354e3,8,2468,NridgHt,1136,1136,970,12099,3,_60,872,2004,2004
187500,8,1360,StoneBr,1360,1220,1036,5814,2,_120,565,1984,1984
179400,7,1501,Somerst,757,744,549,2280,2,_160,440,1999,1999
135500,5,980,NAmes,980,980,400,9750,1,_80,384,1967,1967
173e3,7,1217,Mitchel,1217,1188,611,9947,2,_80,497,1991,1990
127e3,5,955,Sawyer,955,955,763,7742,1,_20,386,1966,1966
238e3,7,2127,SawyerW,912,1104,48,13125,3,_60,833,1991,1991
120500,6,816,IDOTRR,816,816,538,5890,1,_30,432,2007,1930
82500,4,708,BrkSide,708,420,280,5330,0,_30,0,1950,1940
265e3,7,2344,NoRidge,1277,1264,0,10208,3,_60,889,1997,1996
135e3,6,1469,IDOTRR,756,756,0,10320,1,_50,216,1995,1906
171e3,7,1959,Mitchel,1959,1907,0,11070,3,_90,766,1989,1988
136500,4,1768,Sawyer,1768,1768,0,10778,0,_90,0,1968,1968
119e3,6,1252,NAmes,1032,1032,280,9600,1,_50,288,1950,1950
315750,7,2398,NoRidge,1383,1379,719,11787,3,_60,834,1997,1996
128e3,4,1067,Sawyer,1067,1067,442,9600,2,_20,436,1995,1950
137500,4,1181,Edwards,1181,1138,920,10012,2,_85,588,1972,1972
175e3,6,1743,NWAmes,1041,702,384,11700,2,_60,539,1968,1968
167e3,6,1516,NAmes,1516,1516,196,10004,2,_20,472,1964,1964
187500,7,1146,Timber,1146,868,786,9590,2,_80,438,2003,2003
110500,6,1103,OldTown,1103,1103,397,6e3,2,_30,440,1980,1925
41e4,8,3238,NoRidge,2053,2033,816,14720,3,_50,666,1996,1995
115e3,5,864,Edwards,864,864,167,8172,2,_20,572,1990,1955
171e3,5,1701,Sawyer,1701,1390,1390,16647,2,_85,611,1981,1975
147e3,5,1344,IDOTRR,672,672,456,10690,1,_70,468,1997,1920
287e3,8,2898,Timber,2898,1565,1165,15498,2,_20,665,1976,1976
14e4,5,1812,OldTown,1032,360,0,7630,2,_190,672,1996,1900
137e3,5,935,Sawyer,935,935,560,13526,1,_20,288,1965,1965
118e3,4,1440,Edwards,1440,1440,133,12108,0,_90,0,1955,1955
148e3,5,1155,Sawyer,1155,1109,899,11782,2,_85,576,1995,1961
466500,10,2633,NoRidge,2633,2633,1282,11400,3,_20,804,2002,2001
155e3,6,1548,NPkVill,804,804,556,2308,2,_160,440,1976,1976
223e3,6,1844,Crawfor,1844,1844,1110,16381,2,_20,540,1969,1969
251e3,8,1652,StoneBr,1652,1494,1196,5330,2,_120,499,2e3,2e3
235e3,8,3112,NAmes,1360,1360,1036,25419,2,_75,795,1990,1918
303477,8,2610,Somerst,1184,1184,64,9e3,2,_60,550,2007,2007
367294,9,1702,NridgHt,1702,1702,1540,8769,3,_120,1052,2008,2008
423e3,8,2097,Somerst,2097,2077,1721,20896,3,_20,1134,2006,2005
325e3,9,1652,NridgHt,1652,1652,1572,13173,2,_20,840,2007,2006
131e3,5,902,Mitchel,902,864,301,8885,2,_20,484,1983,1983
192e3,6,1638,Gilbert,943,943,828,9042,2,_60,472,1998,1998
112e3,6,1902,Sawyer,1318,0,0,8930,2,_90,539,1978,1978
394432,9,1856,StoneBr,1856,1856,1445,11394,3,_20,834,2010,2010
181134,7,1340,Gilbert,1340,1340,24,8899,2,_20,396,2007,2007
229e3,7,2183,NWAmes,1377,1204,1002,13837,3,_50,786,1988,1988
171900,7,1250,Somerst,625,625,0,4017,2,_160,625,2007,2006
178400,7,999,NAmes,999,944,867,12122,2,_85,588,2007,1961
136500,5,1050,NAmes,1050,1050,915,10659,1,_20,368,1961,1961
118e3,5,1128,NAmes,1128,936,812,9e3,1,_20,286,1954,1954
18e4,6,988,ClearCr,988,938,938,21453,2,_80,540,1969,1969
156500,6,1478,NAmes,1478,1478,189,8400,2,_20,442,1957,1957
155e3,5,1125,Edwards,1125,1125,0,8536,2,_20,430,2007,2006
134e3,6,1080,Mitchel,1080,1084,336,9187,2,_20,484,1983,1983
272e3,6,2872,NWAmes,1542,1330,896,12227,2,_60,619,1995,1977
147e3,5,1113,NAmes,1113,1113,607,9600,1,_20,264,2007,1950
118e3,5,1077,BrkSide,1077,991,851,7420,1,_190,205,1950,1939
84500,4,630,MeadowV,630,630,131,1936,0,_180,0,1970,1970
187e3,6,1855,Veenker,1094,528,0,9600,2,_80,512,1994,1976
184e3,7,1820,BrkSide,1133,1026,329,9120,1,_50,240,1950,1925
2e5,6,1688,ClearCr,616,616,462,12798,2,_60,603,1997,1997
176485,7,1302,Gilbert,1302,1302,0,8993,2,_20,436,2007,2007
16e4,5,1308,Crawfor,976,728,428,9600,1,_50,256,1950,1940
189e3,7,1434,SawyerW,1434,1454,20,8529,2,_20,527,2001,2001
18e4,5,1721,Sawyer,1721,1461,570,10335,2,_20,440,1993,1968
611657,9,2364,NridgHt,2364,2330,2188,12919,3,_20,820,2010,2009
341e3,7,2418,NoRidge,1325,1311,1173,10542,3,_60,983,1994,1993
117e3,6,1635,OldTown,1001,485,0,5310,1,_50,255,2003,1910
197900,7,1935,NWAmes,1142,793,0,12384,2,_60,550,1976,1976
119500,5,923,Mitchel,923,876,658,6951,1,_20,264,1985,1984
137500,6,1054,NAmes,1054,936,763,8800,2,_85,480,1963,1963
239e3,8,1571,Timber,1571,1571,0,10991,3,_20,722,2007,2007
143250,6,981,NAmes,981,981,282,10530,2,_20,576,1971,1971
285e3,8,2374,NridgHt,1234,1181,0,11999,3,_60,656,2004,2003
19e4,6,1844,NWAmes,1844,1844,705,11751,2,_20,546,1977,1977
84500,5,1140,Mitchel,1140,1140,0,17217,0,_20,0,2006,2006
14e4,5,1214,Edwards,1214,1214,698,9170,2,_20,461,1965,1965
129500,5,768,Mitchel,768,768,619,7244,2,_85,624,1970,1970
189e3,6,1845,SawyerW,1055,1055,0,11218,2,_60,462,1992,1992
137e3,6,1928,OldTown,908,1020,0,9142,1,_190,440,1950,1910
139e3,6,1632,NAmes,1632,1240,620,9600,1,_20,338,1988,1958
103200,4,882,OldTown,882,882,0,5500,0,_45,0,1956,1956
58500,3,864,Edwards,864,864,203,8212,1,_30,200,1950,1914
21e4,8,1590,Somerst,786,768,0,9e3,2,_60,676,2008,2008
222e3,7,2236,Gilbert,993,964,0,13006,2,_60,642,1997,1997
13e4,6,1709,Edwards,970,970,0,2522,2,_160,380,2006,2004
129900,7,1774,OldTown,1022,952,0,6120,2,_50,468,1950,1931
122e3,5,969,CollgCr,969,969,716,10356,2,_20,440,1975,1975
254900,7,1947,Somerst,991,991,222,12552,2,_60,678,2005,2004
26e4,7,2353,NWAmes,1153,845,692,13005,2,_60,484,1980,1980
68500,4,520,BrkSide,520,520,0,6324,1,_30,240,1950,1927
154e3,7,1626,NridgHt,764,764,573,2448,2,_160,474,2004,2003
109500,5,784,BrkSide,784,784,784,6130,0,_45,0,1950,1924
136500,5,864,CollgCr,864,864,646,7e3,1,_20,336,2005,1978
72500,3,720,BrkSide,720,0,0,6627,1,_20,287,1950,1949
108480,5,1073,OldTown,1073,1073,0,5400,1,_30,326,1968,1921
485e3,9,3140,NridgHt,1966,1926,0,13518,3,_60,820,2009,2008
147e3,8,1795,Somerst,1795,1795,0,9986,3,_20,895,2007,2006
114500,6,1176,BrkSide,816,816,0,6240,2,_50,528,1950,1934
176e3,6,1137,Timber,1137,1112,980,13811,2,_20,551,1987,1987
165e3,7,1382,Somerst,673,673,641,2651,2,_160,490,2e3,2e3
187100,7,1430,CollgCr,1430,1413,0,16285,2,_20,605,2002,2001
135e3,7,1389,OldTown,707,651,0,3378,1,_60,240,1992,1946
205950,7,1665,Somerst,822,813,0,8125,2,_60,562,2007,2007
141e3,6,1375,IDOTRR,780,780,0,9e3,1,_50,544,1950,1937
148e3,6,1072,Edwards,1072,547,459,3675,2,_180,525,2005,2005
138800,5,1096,NAmes,1096,1096,75,15870,1,_20,299,1969,1969
14e4,5,1283,NAmes,1283,931,504,7763,2,_20,506,1980,1962
177e3,6,1680,Crawfor,840,840,0,15576,1,_70,308,1976,1915
64500,4,968,OldTown,968,656,0,10800,1,_30,216,2007,1927
227e3,8,1588,Somerst,1588,1588,0,1e4,3,_20,825,2006,2006
187500,6,2087,ClearCr,976,832,568,12205,2,_60,444,2007,1966
149700,6,1236,OldTown,1236,912,600,7407,2,_20,923,1996,1957
82500,4,861,Edwards,861,861,262,12342,2,_30,539,1950,1940
185e3,6,1674,Edwards,1163,1163,0,21780,2,_50,396,1950,1918
185900,7,1582,CollgCr,770,770,490,8320,2,_60,520,2004,2004
176500,6,1414,NAmes,1414,1184,528,11029,2,_20,601,2002,1958
125500,4,1363,OldTown,741,622,0,7740,2,_70,528,1950,1910
253293,8,2042,NridgHt,2042,2042,0,12704,3,_20,1390,2009,2008
188700,6,1660,Crawfor,849,715,326,11988,1,_70,240,1995,1934
186500,7,1553,Somerst,756,756,0,8125,2,_60,615,2006,2005
241500,7,1363,ClearCr,1363,1385,226,39104,2,_20,439,2005,1954
132e3,5,928,NAmes,928,928,377,13300,1,_20,252,2e3,1956
153500,5,1559,OldTown,1559,1559,338,8100,2,_30,812,1973,1948
181e3,7,1504,Blmngtn,1504,1346,16,3182,2,_120,457,2006,2005
11e4,5,773,NAmes,773,773,570,7677,1,_20,240,1953,1953
78e3,5,1192,IDOTRR,596,596,0,6402,1,_70,189,1950,1920
142e3,5,1056,NAmes,1056,1056,775,8450,1,_20,304,1968,1968
43e4,8,3228,NoRidge,3228,3200,1231,12692,2,_20,546,1993,1992
125500,5,902,Sawyer,902,876,599,6173,1,_20,288,1967,1967
145e3,6,1258,NWAmes,1258,1258,656,11040,2,_20,528,2004,1971
139e3,5,1092,Sawyer,1092,1092,170,11616,1,_20,288,1962,1962
175e3,5,1126,NWAmes,1126,1126,767,15611,2,_20,540,1977,1977
14e4,6,1072,Edwards,1072,547,547,3675,2,_180,525,2006,2005
26e4,7,1530,StoneBr,1530,1530,1274,16158,2,_20,430,2005,2005
148e3,4,1382,Sawyer,1382,1051,547,11235,2,_20,459,1979,1963
173900,6,1500,CollgCr,750,750,0,8846,2,_60,564,2006,2005
234e3,7,2080,Crawfor,1276,1276,0,10918,1,_70,282,2004,1926
172400,6,1664,Gilbert,953,953,0,8121,2,_60,460,2e3,2e3
234e3,7,1557,Blmngtn,1557,1374,0,3196,2,_120,420,2004,2003
175500,7,1242,NWAmes,1242,1242,916,9600,2,_20,528,1973,1973
169900,6,1034,Mitchel,1034,1012,539,12328,3,_80,888,1976,1976
121500,5,1392,Sawyer,1392,1392,1302,11341,2,_20,528,1996,1957
52e3,3,729,BrkSide,729,270,0,4130,0,_30,0,2003,1935
224e3,6,1640,Crawfor,1640,1296,728,14778,2,_20,924,2006,1954
173e3,6,1632,NWAmes,800,800,400,9130,2,_60,484,2e3,1966
165e3,6,1431,NAmes,1431,1099,371,9150,1,_80,296,1962,1962
132500,5,999,Sawyer,999,999,588,7758,1,_20,264,2001,1962
200624,6,2515,Crawfor,2515,2035,1219,32668,2,_20,484,1975,1957
183200,6,1509,Gilbert,807,783,457,7861,2,_60,393,2003,2002
132500,5,970,Sawyer,970,970,630,8480,2,_20,624,1963,1963
143e3,5,1632,Mitchel,1632,1632,0,25e3,2,_90,576,1967,1967
159500,6,1426,Edwards,698,690,535,7950,2,_60,440,1977,1977
128500,5,864,CollgCr,864,864,360,9560,1,_20,288,1972,1972
556581,9,2868,StoneBr,1992,1992,240,16056,3,_60,716,2006,2005
201e3,6,1721,SawyerW,936,928,814,8462,2,_60,471,1994,1994
145e3,5,1056,Gilbert,1056,1056,1056,34650,2,_190,572,1955,1955
158e3,6,1302,NAmes,1302,1302,270,9350,1,_80,309,1991,1964
222500,7,2031,CollgCr,1153,1153,252,11404,2,_60,541,1999,1998
114500,5,912,NAmes,912,912,456,10150,1,_20,275,1958,1958
6e4,2,438,SWISU,438,290,290,8400,1,_30,246,1950,1920
185e3,6,1262,Somerst,1262,1262,905,7200,2,_20,572,2006,2006
13e4,5,1360,NAmes,1360,384,384,7134,2,_80,572,1955,1955
153500,5,1074,NWAmes,1074,1056,788,10140,2,_20,495,1975,1975
27e4,8,1959,Somerst,1088,1088,0,9e3,3,_60,1025,2006,2006
130500,6,1479,Sawyer,725,725,533,13517,2,_60,475,2005,1976
1e5,4,788,BrkSide,788,788,266,7446,0,_30,0,1950,1941
18e4,8,1337,StoneBr,1337,1337,733,5395,2,_120,462,1993,1993
194e3,7,1220,CollgCr,1220,1199,684,7406,2,_20,632,2006,2006
271e3,8,1689,Mitchel,1689,1568,1218,13265,3,_20,857,2002,2002
66500,5,1131,OldTown,676,676,0,5720,1,_50,200,1950,1941
122500,4,2290,OldTown,1246,777,0,11340,2,_190,560,1950,1885
426e3,10,2332,NridgHt,1742,1682,1280,12474,3,_60,846,2008,2007
94750,4,960,Edwards,960,960,520,10921,1,_20,432,1965,1965
301e3,7,2730,SawyerW,1553,1502,28,10380,2,_60,576,1987,1986
163e3,6,1912,OldTown,1221,482,0,10800,2,_190,672,2e3,1905
107500,5,827,NAmes,827,0,0,7200,1,_20,392,2007,1955
319e3,8,1826,StoneBr,1826,1814,1422,11302,3,_20,758,2006,2005
147e3,5,1122,OldTown,1122,924,144,12e3,2,_20,528,2005,1948
144e3,6,1056,OldTown,1056,1056,1056,6979,2,_90,576,1980,1980
106e3,5,1302,BrDale,630,630,0,2016,2,_160,440,1970,1970
32e4,9,1698,Edwards,1698,1698,1234,13286,3,_20,768,2008,2007
143e3,7,1482,OldTown,832,650,624,9e3,2,_70,324,1988,1920
125e3,5,1365,BrDale,765,765,765,2368,2,_160,440,1970,1970
215e3,8,1911,SawyerW,1065,777,380,9554,2,_60,471,1994,1993
139e3,5,1250,Crawfor,661,661,0,5362,2,_50,552,2003,1910
164500,5,1320,Sawyer,1320,1164,328,11777,2,_80,564,1966,1966
305900,8,2e3,CollgCr,2e3,2e3,1464,10386,3,_20,888,2005,2004
177500,6,1200,CollgCr,1200,1200,334,11249,2,_20,521,1995,1995
215e3,7,1494,SawyerW,1494,1482,1443,16196,2,_20,514,1998,1998
241e3,7,1550,Somerst,1112,1092,812,8125,2,_60,438,2007,2006
168500,6,1512,Somerst,756,756,420,2117,2,_160,440,2e3,2e3
157500,5,1539,OldTown,958,650,0,10440,2,_70,686,2002,1904
295e3,7,3493,OldTown,1675,1470,0,18386,3,_75,870,2002,1880
139600,3,1733,Edwards,1733,0,0,13680,2,_20,452,1955,1955
123500,5,1148,Edwards,1148,980,210,6420,1,_20,308,1952,1952
179e3,7,1349,SawyerW,1349,1349,0,8450,2,_20,539,2001,2e3
177e3,6,1913,Crawfor,1172,896,0,7558,2,_50,342,1950,1928
149500,6,1400,Sawyer,672,672,209,7844,2,_60,440,1978,1978
115e3,5,789,OldTown,789,789,104,6e3,1,_20,250,1950,1948
